id,MID,trial_number,start_date,trialstart,outcome,reaction_time,totalpoints,prop_left,prop_right,resp,revealed_left,revealed_right,AID,HID,noresp,session_id,five_trial_outcome,mag_left,mag_right,received_mag,practice,loss_or_reward,revealed_o_l,revealed_o_r,revealed_x_l,revealed_x_r,instruct_number,est_left_over_right,whensaved
166521,vp11,999,2017-10-06 21:01:07,999,999,999,999,999,999,999,999,999,inperson,0,999,PkcF,999,999,999,999,2,combined,999,999,999,999,1,NaN,NaN
166522,vp11,999,2017-10-06 21:01:57,999,999,999,999,999,999,999,999,999,inperson,0,999,PkcF,999,999,999,999,2,combined,999,999,999,999,2,NaN,NaN
166523,vp11,999,2017-10-06 21:02:27,999,999,999,999,999,999,999,999,999,inperson,0,999,PkcF,999,999,999,999,2,combined,999,999,999,999,3,NaN,NaN
166524,vp11,999,2017-10-06 21:02:48,999,999,999,999,999,999,999,999,999,inperson,0,999,PkcF,999,999,999,999,2,combined,999,999,999,999,4,NaN,NaN
166525,vp11,999,2017-10-06 21:03:12,999,999,999,999,999,999,999,999,999,inperson,0,999,PkcF,999,999,999,999,2,combined,999,999,999,999,5,NaN,NaN
166526,vp11,999,2017-10-06 21:03:30,999,999,999,999,999,999,999,999,999,inperson,0,999,PkcF,999,999,999,999,2,combined,999,999,999,999,6,NaN,NaN
166527,vp11,999,2017-10-06 21:03:42,999,999,999,999,999,999,999,999,999,inperson,0,999,PkcF,999,999,999,999,2,combined,999,999,999,999,7,NaN,NaN
166528,vp11,999,2017-10-06 21:03:57,999,999,999,999,999,999,999,999,999,inperson,0,999,PkcF,999,999,999,999,2,combined,999,999,999,999,8,NaN,NaN
166529,vp11,999,2017-10-06 21:04:34,999,999,999,999,999,999,999,999,999,inperson,0,999,PkcF,999,999,999,999,2,combined,999,999,999,999,9,NaN,NaN
166530,vp11,999,2017-10-06 21:04:50,999,999,999,999,999,999,999,999,999,inperson,0,999,PkcF,999,999,999,999,2,combined,999,999,999,999,10,NaN,NaN
166531,vp11,999,2017-10-06 21:04:54,999,999,999,999,999,999,999,999,999,inperson,0,999,PkcF,999,999,999,999,2,combined,999,999,999,999,11,NaN,NaN
166532,vp11,999,2017-10-06 21:04:59,999,999,999,999,999,999,999,999,999,inperson,0,999,PkcF,999,999,999,999,2,combined,999,999,999,999,12,NaN,NaN
166533,vp11,999,2017-10-06 21:05:10,999,999,999,999,999,999,999,999,999,inperson,0,999,PkcF,999,999,999,999,2,combined,999,999,999,999,13,NaN,NaN
166534,vp11,999,2017-10-06 21:05:18,999,999,999,999,999,999,999,999,999,inperson,0,999,PkcF,999,999,999,999,2,combined,999,999,999,999,14,NaN,NaN
166535,vp11,999,2017-10-06 21:05:24,999,999,999,999,999,999,999,999,999,inperson,0,999,PkcF,999,999,999,999,2,combined,999,999,999,999,15,NaN,NaN
166536,vp11,999,2017-10-06 21:05:28,999,999,999,999,999,999,999,999,999,inperson,0,999,PkcF,999,999,999,999,2,combined,999,999,999,999,16,NaN,NaN
166537,vp11,999,2017-10-06 21:05:37,999,999,999,999,999,999,999,999,999,inperson,0,999,PkcF,999,999,999,999,2,combined,999,999,999,999,17,NaN,NaN
166538,vp11,999,2017-10-06 21:05:41,999,999,999,999,999,999,999,999,999,inperson,0,999,PkcF,999,999,999,999,2,combined,999,999,999,999,18,NaN,NaN
166539,vp11,999,2017-10-06 21:05:43,999,999,999,999,999,999,999,999,999,inperson,0,999,PkcF,999,999,999,999,2,combined,999,999,999,999,19,NaN,NaN
166540,vp11,999,2017-10-06 21:05:46,999,999,999,999,999,999,999,999,999,inperson,0,999,PkcF,999,999,999,999,2,combined,999,999,999,999,20,NaN,NaN
166541,vp11,999,2017-10-06 21:05:49,999,999,999,999,999,999,999,999,999,inperson,0,999,PkcF,999,999,999,999,2,combined,999,999,999,999,21,NaN,NaN
166542,vp11,999,2017-10-06 21:05:52,999,999,999,999,999,999,999,999,999,inperson,0,999,PkcF,999,999,999,999,2,combined,999,999,999,999,22,NaN,NaN
166543,vp11,999,2017-10-06 21:05:56,999,999,999,999,999,999,999,999,999,inperson,0,999,PkcF,999,999,999,999,2,combined,999,999,999,999,23,NaN,NaN
166544,vp11,999,2017-10-06 21:06:06,999,999,999,999,999,999,999,999,999,inperson,0,999,PkcF,999,999,999,999,2,combined,999,999,999,999,24,NaN,NaN
166545,vp11,999,2017-10-06 21:06:35,999,999,999,999,999,999,999,999,999,inperson,0,999,PkcF,999,999,999,999,2,combined,999,999,999,999,25,NaN,NaN
166546,vp11,999,2017-10-06 21:06:38,999,999,999,999,999,999,999,999,999,inperson,0,999,PkcF,999,999,999,999,2,combined,999,999,999,999,26,NaN,NaN
166547,vp11,999,2017-10-06 21:06:47,999,999,999,999,999,999,999,999,999,inperson,0,999,PkcF,999,999,999,999,2,combined,999,999,999,999,27,NaN,NaN
166548,vp11,999,2017-10-06 21:06:49,999,999,999,999,999,999,999,999,999,inperson,0,999,PkcF,999,999,999,999,2,combined,999,999,999,999,28,NaN,NaN
166549,vp11,999,2017-10-06 21:06:52,999,999,999,999,999,999,999,999,999,inperson,0,999,PkcF,999,999,999,999,2,combined,999,999,999,999,29,NaN,NaN
166550,vp11,999,2017-10-06 21:06:54,999,999,999,999,999,999,999,999,999,inperson,0,999,PkcF,999,999,999,999,2,combined,999,999,999,999,30,NaN,NaN
166551,vp11,999,2017-10-06 21:06:58,999,999,999,999,999,999,999,999,999,inperson,0,999,PkcF,999,999,999,999,2,combined,999,999,999,999,31,NaN,NaN
166552,vp11,999,2017-10-06 21:06:59,999,999,999,999,999,999,999,999,999,inperson,0,999,PkcF,999,999,999,999,2,combined,999,999,999,999,32,NaN,NaN
166553,vp11,999,2017-10-06 21:07:03,999,999,999,999,999,999,999,999,999,inperson,0,999,PkcF,999,999,999,999,2,combined,999,999,999,999,33,NaN,NaN
166554,vp11,999,2017-10-06 21:07:04,999,999,999,999,999,999,999,999,999,inperson,0,999,PkcF,999,999,999,999,2,combined,999,999,999,999,34,NaN,NaN
166555,vp11,999,2017-10-06 21:07:07,999,999,999,999,999,999,999,999,999,inperson,0,999,PkcF,999,999,999,999,2,combined,999,999,999,999,35,NaN,NaN
166556,vp11,999,2017-10-06 21:07:08,999,999,999,999,999,999,999,999,999,inperson,0,999,PkcF,999,999,999,999,2,combined,999,999,999,999,36,NaN,NaN
166557,vp11,999,2017-10-06 21:07:19,999,999,999,999,999,999,999,999,999,inperson,0,999,PkcF,999,999,999,999,2,combined,999,999,999,999,37,NaN,NaN
166558,vp11,10,2017-10-06 21:07:22,1507324037946,O,3209,1075, '0.1200', '0.5200',left, '1.0000', '0.0400',inperson,0,0,PkcF,999, '36.0000', '61.0000',0,true,combined,6,0,44,2,0,NaN,NaN
166559,vp11,999,2017-10-06 21:07:28,999,999,999,999,999,999,999,999,999,inperson,0,999,PkcF,999,999,999,999,2,combined,999,999,999,999,38,NaN,NaN
166560,vp11,11,2017-10-06 21:07:31,1507324046168,X,3176,1075, '0.4800', '0.9000',left, '1.0000', '1.0000',inperson,0,0,PkcF,999, '28.0000', '134.0000',28,true,combined,24,45,26,5,0,NaN,NaN
166561,vp11,999,2017-10-06 21:07:36,999,999,999,999,999,999,999,999,999,inperson,0,999,PkcF,999,999,999,999,2,combined,999,999,999,999,39,NaN,NaN
166562,vp11,12,2017-10-06 21:07:37,1507324054356,O,1629,1075, '0.1000', '0.2000',left, '0.8000', '1.0000',inperson,0,0,PkcF,999, '90.0000', '60.0000',0,true,combined,4,10,36,40,0,NaN,NaN
166563,vp11,999,2017-10-06 21:07:42,999,999,999,999,999,999,999,999,999,inperson,0,999,PkcF,999,999,999,999,2,combined,999,999,999,999,40,NaN,NaN
166564,vp11,13,2017-10-06 21:07:46,1507324060999,X,3429,1075, '0.7000', '0.1600',left, '1.0000', '0.0600',inperson,0,0,PkcF,999, '21.0000', '2.0000',21,true,combined,35,0,15,3,0,NaN,NaN
166565,vp11,999,2017-10-06 21:07:51,999,999,999,999,999,999,999,999,999,inperson,0,999,PkcF,999,999,999,999,2,combined,999,999,999,999,41,NaN,NaN
166566,vp11,14,2017-10-06 21:07:54,1507324069442,O,2960,1075, '0.5600', '0.4000',right, '0.4000', '1.0000',inperson,0,0,PkcF,999, '68.0000', '8.0000',0,true,combined,12,20,8,30,0,NaN,NaN
166567,vp11,999,2017-10-06 21:07:59,999,999,999,999,999,999,999,999,999,inperson,0,999,PkcF,999,999,999,999,2,combined,999,999,999,999,42,NaN,NaN
166568,vp11,999,2017-10-06 21:08:05,999,999,999,999,999,999,999,999,999,inperson,0,999,PkcF,999,999,999,999,2,combined,999,999,999,999,43,NaN,NaN
166569,vp11,15,2017-10-06 21:08:07,1507324083436,O,2414,1075, '0.3200', '0.5600',right, '0.1000', '1.0000',inperson,0,0,PkcF,0, '-10.0000', '-10.0000',0,true,combined,1,27,4,23,0,NaN,NaN
166570,vp11,999,2017-10-06 21:08:12,999,999,999,999,999,999,999,999,999,inperson,0,999,PkcF,999,999,999,999,2,combined,999,999,999,999,44,NaN,NaN
166571,vp11,16,2017-10-06 21:08:14,1507324090897,O,1608,1075, '0.8000', '0.0400',left, '1.0000', '1.0000',inperson,0,0,PkcF,0, '-12.0000', '-11.0000',0,true,combined,40,2,10,48,0,NaN,NaN
166572,vp11,999,2017-10-06 21:08:19,999,999,999,999,999,999,999,999,999,inperson,0,999,PkcF,999,999,999,999,2,combined,999,999,999,999,45,NaN,NaN
166573,vp11,17,2017-10-06 21:08:21,1507324097523,X,1938,1075, '0.9200', '0.0800',left, '0.4000', '1.0000',inperson,0,0,PkcF,0, '-63.0000', '-33.0000',-63,true,combined,18,4,2,46,0,NaN,NaN
166574,vp11,999,2017-10-06 21:08:26,999,999,999,999,999,999,999,999,999,inperson,0,999,PkcF,999,999,999,999,2,combined,999,999,999,999,46,NaN,NaN
166575,vp11,18,2017-10-06 21:08:29,1507324104489,O,3610,1075, '0.3800', '0.2000',right, '0.0600', '1.0000',inperson,0,0,PkcF,0, '-20.0000', '-27.0000',0,true,combined,0,10,3,40,0,NaN,NaN
166576,vp11,999,2017-10-06 21:08:35,999,999,999,999,999,999,999,999,999,inperson,0,999,PkcF,999,999,999,999,2,combined,999,999,999,999,47,NaN,NaN
166577,vp11,19,2017-10-06 21:08:36,1507324113111,O,1854,1075, '0.2400', '0.1600',left, '1.0000', '0.0400',inperson,0,0,PkcF,0, '-84.0000', '-74.0000',0,true,combined,12,0,38,2,0,NaN,NaN
166578,vp11,999,2017-10-06 21:08:41,999,999,999,999,999,999,999,999,999,inperson,0,999,PkcF,999,999,999,999,2,combined,999,999,999,999,48,NaN,NaN
166579,vp11,999,2017-10-06 21:08:47,999,999,999,999,999,999,999,999,999,inperson,0,999,PkcF,999,999,999,999,2,combined,999,999,999,999,49,NaN,NaN
166580,vp11,20,2017-10-06 21:08:51,1507324125989,X,4084,1012, '0.5600', '0.3200',left, '1.0000', '1.0000',inperson,0,0,PkcF,-63, '-136.0000', '-89.0000',-136,true,combined,27,16,23,34,0,NaN,NaN
166581,vp11,999,2017-10-06 21:08:56,999,999,999,999,999,999,999,999,999,inperson,0,999,PkcF,999,999,999,999,2,combined,999,999,999,999,50,NaN,NaN
166582,vp11,21,2017-10-06 21:08:58,1507324135086,X,1502,1012, '0.8400', '0.6000',left, '1.0000', '0.8000',inperson,0,0,PkcF,-63, '-129.0000', '-72.0000',-129,true,combined,42,22,8,18,0,NaN,NaN
166583,vp11,999,2017-10-06 21:09:03,999,999,999,999,999,999,999,999,999,inperson,0,999,PkcF,999,999,999,999,2,combined,999,999,999,999,51,NaN,NaN
166584,vp11,22,2017-10-06 21:09:05,1507324141601,X,1703,1012, '0.3600', '0.7200',right, '1.0000', '1.0000',inperson,0,0,PkcF,-63, '-21.0000', '-40.0000',-40,true,combined,18,36,32,14,0,NaN,NaN
166585,vp11,999,2017-10-06 21:09:10,999,999,999,999,999,999,999,999,999,inperson,0,999,PkcF,999,999,999,999,2,combined,999,999,999,999,52,NaN,NaN
166586,vp11,23,2017-10-06 21:09:12,1507324148315,X,2255,1012, '0.8800', '0.9200',right, '0.0800', '1.0000',inperson,0,0,PkcF,-63, '-128.0000', '-23.0000',-23,true,combined,4,46,0,4,0,NaN,NaN
166587,vp11,999,2017-10-06 21:09:17,999,999,999,999,999,999,999,999,999,inperson,0,999,PkcF,999,999,999,999,2,combined,999,999,999,999,53,NaN,NaN
166588,vp11,24,2017-10-06 21:09:19,1507324155585,O,2255,1012, '0.0400', '0.1000',right, '1.0000', '1.0000',inperson,0,0,PkcF,-63, '-19.0000', '-14.0000',0,true,combined,2,5,48,45,0,NaN,NaN
166589,vp11,999,2017-10-06 21:09:24,999,999,999,999,999,999,999,999,999,inperson,0,999,PkcF,999,999,999,999,2,combined,999,999,999,999,54,NaN,NaN
166590,vp11,999,2017-10-06 21:09:30,999,999,999,999,999,999,999,999,999,inperson,0,999,PkcF,999,999,999,999,2,combined,999,999,999,999,55,NaN,NaN
166591,vp11,25,2017-10-06 21:09:33,1507324168872,O,2825,972, '0.0600', '0.7800',left, '1.0000', '1.0000',inperson,0,0,PkcF,-40, '39.0000', '135.0000',0,true,combined,3,39,47,11,0,NaN,NaN
166592,vp11,999,2017-10-06 21:09:38,999,999,999,999,999,999,999,999,999,inperson,0,999,PkcF,999,999,999,999,2,combined,999,999,999,999,56,NaN,NaN
166593,vp11,26,2017-10-06 21:09:39,1507324176712,X,1051,972, '0.3600', '0.3600',right, '0.0200', '1.0000',inperson,0,0,PkcF,-40, '104.0000', '91.0000',91,true,combined,0,18,1,32,0,NaN,NaN
166594,vp11,999,2017-10-06 21:09:44,999,999,999,999,999,999,999,999,999,inperson,0,999,PkcF,999,999,999,999,2,combined,999,999,999,999,57,NaN,NaN
166595,vp11,27,2017-10-06 21:09:46,1507324182775,X,1917,972, '0.4000', '0.4200',right, '0.0800', '1.0000',inperson,0,0,PkcF,-40, '44.0000', '51.0000',51,true,combined,1,21,3,29,0,NaN,NaN
166596,vp11,999,2017-10-06 21:09:51,999,999,999,999,999,999,999,999,999,inperson,0,999,PkcF,999,999,999,999,2,combined,999,999,999,999,58,NaN,NaN
166597,vp11,28,2017-10-06 21:09:55,1507324189703,O,3882,972, '0.6600', '0.6000',right, '1.0000', '1.0000',inperson,0,0,PkcF,-40, '43.0000', '30.0000',0,true,combined,32,30,18,20,0,NaN,NaN
166598,vp11,999,2017-10-06 21:10:00,999,999,999,999,999,999,999,999,999,inperson,0,999,PkcF,999,999,999,999,2,combined,999,999,999,999,59,NaN,NaN
166599,vp11,29,2017-10-06 21:10:02,1507324198599,O,2015,972, '0.2800', '0.2800',left, '1.0000', '1.0000',inperson,0,0,PkcF,-40, '91.0000', '76.0000',0,true,combined,13,13,37,37,0,NaN,NaN
166600,vp11,999,2017-10-06 21:10:07,999,999,999,999,999,999,999,999,999,inperson,0,999,PkcF,999,999,999,999,2,combined,999,999,999,999,60,NaN,NaN
166601,vp11,999,2017-10-06 21:10:13,999,999,999,999,999,999,999,999,999,inperson,0,999,PkcF,999,999,999,999,2,combined,999,999,999,999,61,NaN,NaN
166602,vp11,999,2017-10-06 21:10:38,999,999,999,999,999,999,999,999,999,inperson,0,999,PkcF,999,999,999,999,2,combined,999,999,999,999,62,NaN,NaN
166603,vp11,0,2017-10-06 21:10:45,1507324242193,X,1899,1000,0.83999999999999997,0.23999999999999999,left,1.0,1.0,inperson,0,0,PkcF,0,36.0,21.0,36,false,combined,9,37,41,13,0,NaN,NaN
166604,vp11,1,2017-10-06 21:10:53,1507324249106,X,2249,1000, 0.76000000000000001, 0.64000000000000001,left, 1.0, 1.0,inperson,0,0,PkcF,0, 78.0, 101.0,78,false,combined,13,17,37,33,0,NaN,NaN
166605,vp11,2,2017-10-06 21:11:00,1507324256367,X,1786,1000, 0.66000000000000003, 0.35999999999999999,left, 1.0, 0.80000000000000004,inperson,0,0,PkcF,0, 21.0, 68.0,21,false,combined,18,25,32,15,0,NaN,NaN
166606,vp11,3,2017-10-06 21:11:06,1507324263164,X,1901,1000, 0.76000000000000001, 0.92000000000000004,right, 0.10000000000000001, 1.0,inperson,0,0,PkcF,0, 8.0, 12.0,12,false,combined,1,4,4,46,0,NaN,NaN
166607,vp11,4,2017-10-06 21:11:13,1507324270076,X,1416,1000, 0.88, 0.38,left, 1.0, 1.0,inperson,0,0,PkcF,0, 7.0, 20.0,7,false,combined,6,31,44,19,0,NaN,NaN
166608,vp11,5,2017-10-06 21:11:31,1507324282512,O,3566,1007, 0.73999999999999999, 0.40000000000000002,right, 1.0, 1.0,inperson,0,0,PkcF,7, -16.0, -38.0,0,false,combined,13,30,37,20,0,NaN,NaN
166609,vp11,6,2017-10-06 21:11:36,1507324291089,O,3844,1007, 0.64000000000000001, 0.92000000000000004,right, 1.0, 0.02,inperson,0,0,PkcF,7, -97.0, -70.0,0,false,combined,19,0,31,1,0,NaN,NaN
166610,vp11,7,2017-10-06 21:11:44,1507324299943,O,2616,1007, 0.41999999999999998, 0.26000000000000001,right, 1.0, 0.40000000000000002,inperson,0,0,PkcF,7, -33.0, -60.0,0,false,combined,28,17,22,3,0,NaN,NaN
166611,vp11,8,2017-10-06 21:11:52,1507324307569,X,2946,1007, 0.95999999999999996, 0.59999999999999998,left, 1.0, 1.0,inperson,0,0,PkcF,7, -5.0, -25.0,-5,false,combined,3,20,47,30,0,NaN,NaN
166612,vp11,9,2017-10-06 21:11:59,1507324315525,O,1946,1007, 0.40000000000000002, 0.80000000000000004,left, 0.10000000000000001, 1.0,inperson,0,0,PkcF,7, -87.0, -55.0,0,false,combined,4,10,1,40,0,NaN,NaN
166613,vp11,10,2017-10-06 21:12:12,1507324328493,O,2351,1007, 0.47999999999999998, 0.40000000000000002,right, 1.0, 1.0,inperson,0,0,PkcF,0, -63.0, -13.0,0,false,combined,25,30,25,20,0,NaN,NaN
166614,vp11,11,2017-10-06 21:12:18,1507324335854,O,1156,1007, 0.71999999999999997, 0.059999999999999998,right, 1.0, 1.0,inperson,0,0,PkcF,0, -12.0, -134.0,0,false,combined,14,46,36,4,0,NaN,NaN
166615,vp11,12,2017-10-06 21:12:25,1507324342022,X,1987,1007, 0.44, 0.52000000000000002,left, 1.0, 0.02,inperson,0,0,PkcF,0, -68.0, -50.0,-68,false,combined,26,0,24,1,0,NaN,NaN
166616,vp11,13,2017-10-06 21:12:33,1507324349019,O,2292,1007, 0.29999999999999999, 0.46000000000000002,left, 1.0, 0.10000000000000001,inperson,0,0,PkcF,0, -60.0, -50.0,0,false,combined,35,3,15,2,0,NaN,NaN
166617,vp11,14,2017-10-06 21:12:39,1507324356323,O,1324,1007, 0.64000000000000001, 0.38,right, 0.20000000000000001, 1.0,inperson,0,0,PkcF,0, -60.0, -81.0,0,false,combined,3,31,7,19,0,NaN,NaN
166618,vp11,15,2017-10-06 21:12:52,1507324368667,X,1662,1007, 0.95999999999999996, 0.59999999999999998,left, 1.0, 1.0,inperson,0,0,PkcF,0, 16.0, 8.0,16,false,combined,2,20,48,30,0,NaN,NaN
166619,vp11,16,2017-10-06 21:12:58,1507324375338,X,1119,1007, 0.35999999999999999, 0.92000000000000004,right, 0.059999999999999998, 1.0,inperson,0,0,PkcF,0, 98.0, 90.0,90,false,combined,1,4,2,46,0,NaN,NaN
166620,vp11,17,2017-10-06 21:13:04,1507324381465,O,1116,1007, 0.76000000000000001, 0.68000000000000005,left, 1.0, 0.02,inperson,0,0,PkcF,0, 88.0, 80.0,0,false,combined,12,1,38,0,0,NaN,NaN
166621,vp11,18,2017-10-06 21:13:11,1507324387589,X,1856,1007, 0.95999999999999996, 0.32000000000000001,left, 1.0, 1.0,inperson,0,0,PkcF,0, 15.0, 53.0,15,false,combined,3,33,47,17,0,NaN,NaN
166622,vp11,19,2017-10-06 21:13:19,1507324394455,X,2747,1007, 0.66000000000000003, 0.69999999999999996,left, 1.0, 1.0,inperson,0,0,PkcF,0, 22.0, 23.0,22,false,combined,17,15,33,35,0,NaN,NaN
166623,vp11,20,2017-10-06 21:13:33,1507324408220,X,3168,1097, 0.23999999999999999, 0.71999999999999997,right, 0.20000000000000001, 1.0,inperson,0,0,PkcF,90, 40.0, 7.0,7,false,combined,8,13,2,37,0,NaN,NaN
166624,vp11,21,2017-10-06 21:13:39,1507324416397,X,1469,1097, 0.47999999999999998, 0.40000000000000002,left, 1.0, 1.0,inperson,0,0,PkcF,90, 63.0, 13.0,63,false,combined,25,30,25,20,0,NaN,NaN
166625,vp11,22,2017-10-06 21:13:46,1507324422874,O,1812,1097, 0.28000000000000003, 0.66000000000000003,left, 1.0, 0.059999999999999998,inperson,0,0,PkcF,90, 88.0, 38.0,0,false,combined,36,1,14,2,0,NaN,NaN
166626,vp11,23,2017-10-06 21:13:53,1507324429695,X,2462,1097, 0.66000000000000003, 0.93999999999999995,right, 1.0, 1.0,inperson,0,0,PkcF,90, 15.0, 5.0,5,false,combined,18,2,32,48,0,NaN,NaN
166627,vp11,24,2017-10-06 21:14:00,1507324437166,X,1949,1097, 0.44, 0.44,left, 0.02, 1.0,inperson,0,0,PkcF,90, 11.0, 14.0,11,false,combined,0,27,1,23,0,NaN,NaN
166628,vp11,25,2017-10-06 21:14:14,1507324450132,O,2954,1108, 0.44, 0.59999999999999998,right, 1.0, 0.80000000000000004,inperson,0,0,PkcF,11, 68.0, 45.0,0,false,combined,27,20,23,30,0,NaN,NaN
166629,vp11,26,2017-10-06 21:14:21,1507324458096,X,1979,1108, 0.64000000000000001, 0.52000000000000002,right, 0.40000000000000002, 1.0,inperson,0,0,PkcF,11, 94.0, 100.0,100,false,combined,12,25,8,25,0,NaN,NaN
166630,vp11,27,2017-10-06 21:14:29,1507324465084,O,2813,1108, 0.26000000000000001, 0.20000000000000001,right, 1.0, 1.0,inperson,0,0,PkcF,11, 62.0, 134.0,0,false,combined,36,40,14,10,0,NaN,NaN
166631,vp11,28,2017-10-06 21:14:36,1507324472908,X,1756,1108, 0.22, 0.59999999999999998,right, 0.059999999999999998, 1.0,inperson,0,0,PkcF,11, 27.0, 15.0,15,false,combined,1,20,2,30,0,NaN,NaN
166632,vp11,29,2017-10-06 21:14:43,1507324479674,X,1604,1108, 0.76000000000000001, 0.88,left, 1.0, 1.0,inperson,0,0,PkcF,11, 39.0, 34.0,39,false,combined,13,6,37,44,0,NaN,NaN
166633,vp11,30,2017-10-06 21:14:58,1507324492296,X,4532,1147, 0.47999999999999998, 0.80000000000000004,right, 0.10000000000000001, 1.0,inperson,0,0,PkcF,39, -63.0, -8.0,-8,false,combined,3,10,2,40,0,NaN,NaN
166634,vp11,31,2017-10-06 21:15:07,1507324501836,X,3749,1147, 0.92000000000000004, 0.64000000000000001,right, 0.20000000000000001, 1.0,inperson,0,0,PkcF,39, -80.0, -97.0,-97,false,combined,1,18,9,32,0,NaN,NaN
166635,vp11,32,2017-10-06 21:15:14,1507324510594,O,2424,1147, 0.76000000000000001, 0.52000000000000002,right, 1.0, 1.0,inperson,0,0,PkcF,39, -42.0, -61.0,0,false,combined,12,25,38,25,0,NaN,NaN
166636,vp11,33,2017-10-06 21:15:23,1507324518028,O,3133,1147, 0.64000000000000001, 0.92000000000000004,left, 1.0, 0.10000000000000001,inperson,0,0,PkcF,39, -98.0, -80.0,0,false,combined,18,0,32,5,0,NaN,NaN
166637,vp11,34,2017-10-06 21:15:29,1507324526168,O,1629,1147, 0.22, 0.68000000000000005,left, 1.0, 0.20000000000000001,inperson,0,0,PkcF,39, -11.0, -8.0,0,false,combined,39,2,11,8,0,NaN,NaN
166638,vp11,35,2017-10-06 21:15:44,1507324538814,O,4014,1139, 0.35999999999999999, 0.28000000000000003,left, 1.0, 0.059999999999999998,inperson,0,0,PkcF,-8, 100.0, 84.0,0,false,combined,32,2,18,1,0,NaN,NaN
166639,vp11,36,2017-10-06 21:15:51,1507324547836,O,1428,1139, 0.44, 0.52000000000000002,left, 1.0, 0.20000000000000001,inperson,0,0,PkcF,-8, 68.0, 40.0,0,false,combined,26,8,24,2,0,NaN,NaN
166640,vp11,37,2017-10-06 21:15:57,1507324554272,O,1246,1139, 0.59999999999999998, 0.23999999999999999,left, 1.0, 0.40000000000000002,inperson,0,0,PkcF,-8, 7.0, 21.0,0,false,combined,20,13,30,7,0,NaN,NaN
166641,vp11,38,2017-10-06 21:16:03,1507324560526,X,1473,1139, 0.88, 0.59999999999999998,left, 1.0, 1.0,inperson,0,0,PkcF,-8, 17.0, 50.0,17,false,combined,6,21,44,29,0,NaN,NaN
166642,vp11,39,2017-10-06 21:16:10,1507324567006,X,1528,1139, 0.44, 0.52000000000000002,left, 1.0, 0.02,inperson,0,0,PkcF,-8, 68.0, 50.0,68,false,combined,26,0,24,1,0,NaN,NaN
166643,vp11,40,2017-10-06 21:16:22,1507324579553,X,1074,1139, 0.35999999999999999, 0.56000000000000005,right, 0.10000000000000001, 1.0,inperson,0,0,PkcF,0, 74.0, 98.0,98,false,combined,3,22,2,28,0,NaN,NaN
166644,vp11,41,2017-10-06 21:16:28,1507324585635,X,1295,1139, 0.92000000000000004, 0.68000000000000005,left, 1.0, 1.0,inperson,0,0,PkcF,0, 33.0, 7.0,33,false,combined,3,17,47,33,0,NaN,NaN
166645,vp11,42,2017-10-06 21:16:35,1507324591937,X,1490,1139, 0.62, 0.47999999999999998,left, 1.0, 0.80000000000000004,inperson,0,0,PkcF,0, 13.0, 9.0,13,false,combined,18,22,32,18,0,NaN,NaN
166646,vp11,43,2017-10-06 21:16:42,1507324598437,O,1947,1139, 0.38, 0.35999999999999999,left, 1.0, 0.059999999999999998,inperson,0,0,PkcF,0, 40.0, 51.0,0,false,combined,31,2,19,1,0,NaN,NaN
166647,vp11,44,2017-10-06 21:16:51,1507324605392,O,4100,1139, 0.5, 0.47999999999999998,left, 0.80000000000000004, 1.0,inperson,0,0,PkcF,0, 38.0, 45.0,0,false,combined,20,26,20,24,0,NaN,NaN
166648,vp11,45,2017-10-06 21:17:05,1507324620506,X,3074,1152, 0.62, 0.90000000000000002,left, 1.0, 0.80000000000000004,inperson,0,0,PkcF,13, -55.0, -100.0,-55,false,combined,19,6,31,34,0,NaN,NaN
166649,vp11,46,2017-10-06 21:17:11,1507324628587,X,1338,1152, 0.68000000000000005, 0.22,left, 1.0, 0.02,inperson,0,0,PkcF,13, -7.0, -45.0,-7,false,combined,16,1,34,0,0,NaN,NaN
166650,vp11,47,2017-10-06 21:17:20,1507324634933,X,3558,1152, 0.95999999999999996, 0.68000000000000005,left, 0.40000000000000002, 1.0,inperson,0,0,PkcF,13, -9.0, -18.0,-9,false,combined,0,17,20,33,0,NaN,NaN
166651,vp11,48,2017-10-06 21:17:27,1507324643499,X,1665,1152, 0.64000000000000001, 0.29999999999999999,right, 1.0, 0.40000000000000002,inperson,0,0,PkcF,13, -16.0, -46.0,-46,false,combined,18,15,32,5,0,NaN,NaN
166652,vp11,49,2017-10-06 21:17:33,1507324650171,X,1780,1152, 0.59999999999999998, 0.40000000000000002,right, 0.10000000000000001, 1.0,inperson,0,0,PkcF,13, -35.0, -47.0,-47,false,combined,2,30,3,20,0,NaN,NaN
166653,vp11,50,2017-10-06 21:17:53,1507324668113,X,3866,1143, 0.59999999999999998, 0.23999999999999999,left, 1.0, 0.40000000000000002,inperson,0,0,PkcF,-9, -7.0, -21.0,-7,false,combined,20,13,30,7,0,NaN,NaN
166654,vp11,51,2017-10-06 21:18:03,1507324676987,O,5150,1143, 0.35999999999999999, 0.28000000000000003,right, 1.0, 0.059999999999999998,inperson,0,0,PkcF,-9, -100.0, -84.0,0,false,combined,32,2,18,1,0,NaN,NaN
166655,vp11,52,2017-10-06 21:18:12,1507324687144,O,3052,1143, 0.12, 0.88,left, 0.059999999999999998, 1.0,inperson,0,0,PkcF,-9, -100.0, -60.0,0,false,combined,2,7,1,43,0,NaN,NaN
166656,vp11,53,2017-10-06 21:18:18,1507324695204,O,1621,1143, 0.28000000000000003, 0.35999999999999999,right, 0.02, 1.0,inperson,0,0,PkcF,-9, -100.0, -74.0,0,false,combined,0,32,1,18,0,NaN,NaN
166657,vp11,54,2017-10-06 21:18:26,1507324701833,O,2639,1143, 0.35999999999999999, 0.59999999999999998,left, 1.0, 1.0,inperson,0,0,PkcF,-9, -72.0, -60.0,0,false,combined,31,20,19,30,0,NaN,NaN
166658,vp11,55,2017-10-06 21:18:39,1507324715489,X,2503,1143, 0.47999999999999998, 0.62,left, 0.20000000000000001, 1.0,inperson,0,0,PkcF,0, -9.0, -13.0,-9,false,combined,5,20,5,30,0,NaN,NaN
166659,vp11,56,2017-10-06 21:18:50,1507324723000,O,5715,1143, 0.56000000000000005, 0.88,left, 1.0, 1.0,inperson,0,0,PkcF,0, -114.0, -78.0,0,false,combined,22,6,28,44,0,NaN,NaN
166660,vp11,57,2017-10-06 21:18:57,1507324733723,X,1857,1143, 0.95999999999999996, 0.47999999999999998,right, 1.0, 1.0,inperson,0,0,PkcF,0, -31.0, -31.0,-31,false,combined,3,25,47,25,0,NaN,NaN
166661,vp11,58,2017-10-06 21:19:04,1507324740587,O,1680,1143, 0.5, 0.47999999999999998,right, 0.80000000000000004, 1.0,inperson,0,0,PkcF,0, -38.0, -45.0,0,false,combined,20,26,20,24,0,NaN,NaN
166662,vp11,59,2017-10-06 21:19:10,1507324747275,O,1617,1143, 0.56000000000000005, 0.40000000000000002,left, 0.80000000000000004, 1.0,inperson,0,0,PkcF,0, -25.0, -56.0,0,false,combined,19,30,21,20,0,NaN,NaN
166663,vp11,60,2017-10-06 21:19:24,1507324759907,X,2678,1112, 0.64000000000000001, 0.38,left, 0.20000000000000001, 1.0,inperson,0,0,PkcF,-31, 60.0, 81.0,60,false,combined,3,31,7,19,0,NaN,NaN
166664,vp11,61,2017-10-06 21:19:32,1507324767592,X,3326,1112, 0.68000000000000005, 0.22,left, 0.40000000000000002, 1.0,inperson,0,0,PkcF,-31, 4.0, 11.0,4,false,combined,5,39,15,11,0,NaN,NaN
166665,vp11,62,2017-10-06 21:19:38,1507324775925,O,1136,1112, 0.92000000000000004, 0.64000000000000001,right, 0.20000000000000001, 1.0,inperson,0,0,PkcF,-31, 80.0, 97.0,0,false,combined,1,18,9,32,0,NaN,NaN
166666,vp11,63,2017-10-06 21:19:45,1507324782069,X,1683,1112, 0.10000000000000001, 0.56000000000000005,right, 1.0, 0.10000000000000001,inperson,0,0,PkcF,-31, 33.0, 20.0,20,false,combined,46,1,4,4,0,NaN,NaN
166667,vp11,64,2017-10-06 21:19:53,1507324788760,X,2878,1112, 0.80000000000000004, 0.68000000000000005,right, 1.0, 1.0,inperson,0,0,PkcF,-31, 19.0, 48.0,48,false,combined,10,16,40,34,0,NaN,NaN
166668,vp11,65,2017-10-06 21:20:07,1507324802651,X,2734,1172, 0.62, 0.73999999999999999,right, 1.0, 0.40000000000000002,inperson,0,0,PkcF,60, 48.0, 51.0,51,false,combined,20,5,30,15,0,NaN,NaN
166669,vp11,66,2017-10-06 21:20:16,1507324810393,O,2943,1172, 0.29999999999999999, 0.5,right, 0.80000000000000004, 1.0,inperson,0,0,PkcF,60, 39.0, 42.0,0,false,combined,25,25,15,25,0,NaN,NaN
166670,vp11,67,2017-10-06 21:20:22,1507324818344,O,1968,1172, 0.32000000000000001, 0.44,right, 1.0, 1.0,inperson,0,0,PkcF,60, 39.0, 42.0,0,false,combined,34,27,16,23,0,NaN,NaN
166671,vp11,68,2017-10-06 21:20:28,1507324825319,X,1385,1172, 0.76000000000000001, 0.52000000000000002,left, 1.0, 1.0,inperson,0,0,PkcF,60, 42.0, 61.0,42,false,combined,12,25,38,25,0,NaN,NaN
166672,vp11,69,2017-10-06 21:20:35,1507324831711,X,1906,1172, 0.81999999999999995, 0.32000000000000001,left, 1.0, 1.0,inperson,0,0,PkcF,60, 37.0, 115.0,37,false,combined,10,33,40,17,0,NaN,NaN
166673,vp11,70,2017-10-06 21:20:49,1507324844632,X,3227,1172, 0.83999999999999997, 0.88,right, 1.0, 1.0,inperson,0,0,PkcF,0, -74.0, -60.0,-60,false,combined,8,7,42,43,0,NaN,NaN
166674,vp11,71,2017-10-06 21:20:56,1507324852867,O,2293,1172, 0.73999999999999999, 0.38,right, 1.0, 1.0,inperson,0,0,PkcF,0, -28.0, -40.0,0,false,combined,13,31,37,19,0,NaN,NaN
166675,vp11,72,2017-10-06 21:21:04,1507324860168,X,2204,1172, 0.88, 0.12,left, 1.0, 0.02,inperson,0,0,PkcF,0, -17.0, -100.0,-17,false,combined,6,0,44,1,0,NaN,NaN
166676,vp11,73,2017-10-06 21:21:13,1507324867380,X,3995,1172, 0.90000000000000002, 0.44,left, 0.02, 1.0,inperson,0,0,PkcF,0, -20.0, -25.0,-20,false,combined,1,26,0,24,0,NaN,NaN
166677,vp11,74,2017-10-06 21:21:21,1507324876383,X,2743,1172, 0.76000000000000001, 0.64000000000000001,left, 1.0, 1.0,inperson,0,0,PkcF,0, -78.0, -101.0,-78,false,combined,13,17,37,33,0,NaN,NaN
166678,vp11,75,2017-10-06 21:21:34,1507324890139,X,2606,1094, 0.28000000000000003, 0.62,right, 1.0, 1.0,inperson,0,0,PkcF,-78, 106.0, 44.0,44,false,combined,36,18,14,32,0,NaN,NaN
166679,vp11,76,2017-10-06 21:21:42,1507324897753,O,2758,1094, 0.5, 0.5,right, 1.0, 1.0,inperson,0,0,PkcF,-78, 11.0, 19.0,0,false,combined,24,26,26,24,0,NaN,NaN
166680,vp11,77,2017-10-06 21:21:48,1507324905519,O,1522,1094, 0.47999999999999998, 0.56000000000000005,left, 1.0, 0.02,inperson,0,0,PkcF,-78, 125.0, 80.0,0,false,combined,27,0,23,1,0,NaN,NaN
166681,vp11,78,2017-10-06 21:21:55,1507324912048,X,1716,1094, 0.73999999999999999, 0.40000000000000002,left, 1.0, 1.0,inperson,0,0,PkcF,-78, 16.0, 38.0,16,false,combined,13,30,37,20,0,NaN,NaN
166682,vp11,79,2017-10-06 21:22:02,1507324918773,X,1350,1094, 0.64000000000000001, 0.92000000000000004,left, 1.0, 0.02,inperson,0,0,PkcF,-78, 97.0, 70.0,97,false,combined,19,0,31,1,0,NaN,NaN
166683,vp11,80,2017-10-06 21:22:17,1507324931168,X,4194,1094, 0.68000000000000005, 0.83999999999999997,left, 0.40000000000000002, 1.0,inperson,0,0,PkcF,0, -91.0, -84.0,-91,false,combined,7,8,13,42,0,NaN,NaN
166684,vp11,81,2017-10-06 21:22:24,1507324940371,X,1856,1094, 0.44, 0.52000000000000002,right, 1.0, 0.20000000000000001,inperson,0,0,PkcF,0, -68.0, -40.0,-40,false,combined,26,8,24,2,0,NaN,NaN
166685,vp11,82,2017-10-06 21:22:32,1507324947235,X,3621,1094, 0.92000000000000004, 0.76000000000000001,right, 0.40000000000000002, 1.0,inperson,0,0,PkcF,0, -74.0, -78.0,-78,false,combined,1,12,19,38,0,NaN,NaN
166686,vp11,83,2017-10-06 21:22:40,1507324955864,X,2337,1094, 0.88, 0.93999999999999995,left, 1.0, 1.0,inperson,0,0,PkcF,0, -30.0, -29.0,-30,false,combined,6,4,44,46,0,NaN,NaN
166687,vp11,84,2017-10-06 21:22:46,1507324963208,O,1879,1094, 0.88, 0.38,right, 1.0, 1.0,inperson,0,0,PkcF,0, -7.0, -20.0,0,false,combined,6,31,44,19,0,NaN,NaN
166688,vp11,85,2017-10-06 21:22:59,1507324976102,X,1873,1054, 0.35999999999999999, 0.59999999999999998,right, 1.0, 1.0,inperson,0,0,PkcF,-40, 72.0, 60.0,60,false,combined,31,20,19,30,0,NaN,NaN
166689,vp11,86,2017-10-06 21:23:06,1507324982983,X,2061,1054, 0.88, 0.93999999999999995,left, 1.0, 1.0,inperson,0,0,PkcF,-40, 30.0, 29.0,30,false,combined,6,4,44,46,0,NaN,NaN
166690,vp11,87,2017-10-06 21:23:13,1507324990051,X,1578,1054, 0.83999999999999997, 0.32000000000000001,left, 1.0, 1.0,inperson,0,0,PkcF,-40, 18.0, 47.0,18,false,combined,8,33,42,17,0,NaN,NaN
166691,vp11,88,2017-10-06 21:23:20,1507324996636,X,2008,1054, 0.29999999999999999, 0.88,right, 1.0, 0.80000000000000004,inperson,0,0,PkcF,-40, 94.0, 75.0,75,false,combined,41,15,9,25,0,NaN,NaN
166692,vp11,89,2017-10-06 21:23:26,1507325003652,X,1532,1054, 0.23999999999999999, 0.93999999999999995,right, 1.0, 1.0,inperson,0,0,PkcF,-40, 116.0, 42.0,42,false,combined,37,4,13,46,0,NaN,NaN
166693,vp11,90,2017-10-06 21:23:39,1507325016198,X,1909,1114, 0.44, 0.90000000000000002,left, 1.0, 0.059999999999999998,inperson,0,0,PkcF,60, 25.0, 16.0,25,false,combined,26,1,24,2,0,NaN,NaN
166694,vp11,91,2017-10-06 21:23:47,1507325023114,O,2635,1114, 0.16, 0.40000000000000002,right, 1.0, 1.0,inperson,0,0,PkcF,60, 31.0, 75.0,0,false,combined,42,30,8,20,0,NaN,NaN
166695,vp11,92,2017-10-06 21:23:55,1507325030756,X,2806,1114, 0.83999999999999997, 0.88,left, 1.0, 1.0,inperson,0,0,PkcF,60, 74.0, 60.0,74,false,combined,8,7,42,43,0,NaN,NaN
166696,vp11,93,2017-10-06 21:24:01,1507325038570,X,1373,1114, 0.64000000000000001, 0.92000000000000004,left, 1.0, 0.10000000000000001,inperson,0,0,PkcF,60, 98.0, 80.0,98,false,combined,18,0,32,5,0,NaN,NaN
166697,vp11,94,2017-10-06 21:24:09,1507325044950,O,3091,1114, 0.52000000000000002, 0.28000000000000003,left, 1.0, 1.0,inperson,0,0,PkcF,60, 25.0, 55.0,0,false,combined,24,36,26,14,0,NaN,NaN
166698,vp11,95,2017-10-06 21:24:23,1507325059055,X,2385,1212, 0.57999999999999996, 0.59999999999999998,right, 0.059999999999999998, 1.0,inperson,0,0,PkcF,98, -16.0, -15.0,-15,false,combined,0,20,3,30,0,NaN,NaN
166699,vp11,96,2017-10-06 21:24:30,1507325066448,O,1787,1212, 0.64000000000000001, 0.52000000000000002,left, 0.40000000000000002, 1.0,inperson,0,0,PkcF,98, -94.0, -100.0,0,false,combined,12,25,8,25,0,NaN,NaN
166700,vp11,97,2017-10-06 21:24:37,1507325073243,X,2019,1212, 0.29999999999999999, 0.88,left, 1.0, 0.80000000000000004,inperson,0,0,PkcF,98, -94.0, -75.0,-94,false,combined,41,15,9,25,0,NaN,NaN
166701,vp11,98,2017-10-06 21:24:43,1507325080270,X,1824,1212, 0.56000000000000005, 0.68000000000000005,left, 1.0, 1.0,inperson,0,0,PkcF,98, -9.0, -22.0,-9,false,combined,22,16,28,34,0,NaN,NaN
166702,vp11,99,2017-10-06 21:24:50,1507325087101,O,1780,1212, 0.68000000000000005, 0.22,right, 0.40000000000000002, 1.0,inperson,0,0,PkcF,98, -4.0, -11.0,0,false,combined,5,39,15,11,0,NaN,NaN
166703,vp11,100,2017-10-06 21:25:10,1507325103976,X,4469,1203, 0.64000000000000001, 0.38,left, 0.02, 1.0,inperson,0,0,PkcF,-9, -50.0, -81.0,-50,false,combined,1,31,0,19,0,NaN,NaN
166704,vp11,101,2017-10-06 21:25:16,1507325113452,X,1572,1203, 0.040000000000000001, 0.47999999999999998,left, 1.0, 1.0,inperson,0,0,PkcF,-9, -125.0, -63.0,-125,false,combined,48,25,2,25,0,NaN,NaN
166705,vp11,102,2017-10-06 21:25:23,1507325120032,X,1418,1203, 0.83999999999999997, 0.23999999999999999,right, 1.0, 1.0,inperson,0,0,PkcF,-9, -36.0, -21.0,-21,false,combined,9,37,41,13,0,NaN,NaN
166706,vp11,103,2017-10-06 21:25:31,1507325126458,O,3105,1203, 0.68000000000000005, 0.95999999999999996,left, 1.0, 1.0,inperson,0,0,PkcF,-9, -7.0, -5.0,0,false,combined,16,2,34,48,0,NaN,NaN
166707,vp11,104,2017-10-06 21:25:38,1507325134571,X,2036,1203, 0.44, 0.44,right, 0.02, 1.0,inperson,0,0,PkcF,-9, -11.0, -14.0,-14,false,combined,0,27,1,23,0,NaN,NaN
166708,vp11,105,2017-10-06 21:25:54,1507325147621,X,4842,1203, 0.56000000000000005, 0.40000000000000002,right, 0.80000000000000004, 1.0,inperson,0,0,PkcF,0, 25.0, 56.0,56,false,combined,19,30,21,20,0,NaN,NaN
166709,vp11,106,2017-10-06 21:26:01,1507325157471,X,1760,1203, 0.88, 0.29999999999999999,left, 1.0, 0.20000000000000001,inperson,0,0,PkcF,0, 26.0, 73.0,26,false,combined,6,5,44,5,0,NaN,NaN
166710,vp11,107,2017-10-06 21:26:07,1507325164238,X,1454,1203, 0.44, 0.71999999999999997,right, 1.0, 1.0,inperson,0,0,PkcF,0, 11.0, 42.0,42,false,combined,27,13,23,37,0,NaN,NaN
166711,vp11,108,2017-10-06 21:26:14,1507325170702,O,2201,1203, 0.64000000000000001, 0.68000000000000005,left, 1.0, 1.0,inperson,0,0,PkcF,0, 23.0, 7.0,0,false,combined,17,16,33,34,0,NaN,NaN
166712,vp11,109,2017-10-06 21:26:21,1507325177911,X,2103,1203, 0.71999999999999997, 0.80000000000000004,right, 1.0, 1.0,inperson,0,0,PkcF,0, 47.0, 24.0,24,false,combined,13,11,37,39,0,NaN,NaN
166713,vp11,110,2017-10-06 21:26:34,1507325191028,O,2087,1227, 0.88, 0.16,right, 0.20000000000000001, 1.0,inperson,0,0,PkcF,24, -45.0, -94.0,0,false,combined,3,41,7,9,0,NaN,NaN
166714,vp11,111,2017-10-06 21:26:41,1507325198122,O,1999,1227, 0.81999999999999995, 0.20000000000000001,right, 1.0, 1.0,inperson,0,0,PkcF,24, -37.0, -100.0,0,false,combined,10,39,40,11,0,NaN,NaN
166715,vp11,112,2017-10-06 21:26:49,1507325205130,X,2203,1227, 0.85999999999999999, 0.41999999999999998,left, 1.0, 0.20000000000000001,inperson,0,0,PkcF,24, -20.0, -44.0,-20,false,combined,7,1,43,9,0,NaN,NaN
166716,vp11,113,2017-10-06 21:26:55,1507325212342,X,1726,1227, 0.83999999999999997, 0.41999999999999998,right, 1.0, 1.0,inperson,0,0,PkcF,24, -7.0, -14.0,-14,false,combined,9,27,41,23,0,NaN,NaN
166717,vp11,114,2017-10-06 21:27:02,1507325219076,X,1086,1227, 0.47999999999999998, 0.23999999999999999,left, 1.0, 1.0,inperson,0,0,PkcF,24, -11.0, -14.0,-11,false,combined,26,37,24,13,0,NaN,NaN
166718,vp11,115,2017-10-06 21:27:14,1507325231179,X,1933,1227, 0.62, 0.90000000000000002,right, 1.0, 0.80000000000000004,inperson,0,0,PkcF,0, 55.0, 100.0,100,false,combined,19,6,31,34,0,NaN,NaN
166719,vp11,116,2017-10-06 21:27:21,1507325238120,X,1668,1227, 0.95999999999999996, 0.47999999999999998,left, 1.0, 1.0,inperson,0,0,PkcF,0, 31.0, 31.0,31,false,combined,3,25,47,25,0,NaN,NaN
166720,vp11,117,2017-10-06 21:27:28,1507325244796,X,1608,1227, 0.69999999999999996, 0.56000000000000005,left, 1.0, 1.0,inperson,0,0,PkcF,0, 5.0, 12.0,5,false,combined,14,22,36,28,0,NaN,NaN
166721,vp11,118,2017-10-06 21:27:36,1507325251412,X,2757,1227, 0.64000000000000001, 0.38,right, 0.02, 1.0,inperson,0,0,PkcF,0, 50.0, 81.0,81,false,combined,1,31,0,19,0,NaN,NaN
166722,vp11,119,2017-10-06 21:27:42,1507325259176,X,1792,1227, 0.83999999999999997, 0.41999999999999998,left, 1.0, 1.0,inperson,0,0,PkcF,0, 7.0, 14.0,7,false,combined,9,27,41,23,0,NaN,NaN
166723,vp11,120,2017-10-06 21:27:57,1507325271980,X,3527,1308, 0.44, 0.64000000000000001,left, 1.0, 0.059999999999999998,inperson,0,0,PkcF,81, -11.0, -8.0,-11,false,combined,27,1,23,2,0,NaN,NaN
166724,vp11,121,2017-10-06 21:28:06,1507325280515,X,4568,1308, 0.64000000000000001, 0.68000000000000005,left, 1.0, 1.0,inperson,0,0,PkcF,81, -97.0, -86.0,-97,false,combined,18,16,32,34,0,NaN,NaN
166725,vp11,122,2017-10-06 21:28:15,1507325290087,X,3105,1308, 0.76000000000000001, 0.92000000000000004,left, 0.10000000000000001, 1.0,inperson,0,0,PkcF,81, -8.0, -12.0,-8,false,combined,1,4,4,46,0,NaN,NaN
166726,vp11,123,2017-10-06 21:28:25,1507325298200,X,5104,1308, 0.88, 0.59999999999999998,left, 1.0, 1.0,inperson,0,0,PkcF,81, -17.0, -50.0,-17,false,combined,6,21,44,29,0,NaN,NaN
166727,vp11,124,2017-10-06 21:28:31,1507325308312,X,1737,1308, 0.5, 0.5,left, 1.0, 1.0,inperson,0,0,PkcF,81, -11.0, -19.0,-11,false,combined,24,26,26,24,0,NaN,NaN
166728,vp11,125,2017-10-06 21:28:45,1507325321063,X,2143,1297, 0.68000000000000005, 0.95999999999999996,right, 1.0, 1.0,inperson,0,0,PkcF,-11, 7.0, 5.0,5,false,combined,16,2,34,48,0,NaN,NaN
166729,vp11,126,2017-10-06 21:28:52,1507325328214,X,2660,1297, 0.92000000000000004, 0.76000000000000001,left, 0.40000000000000002, 1.0,inperson,0,0,PkcF,-11, 74.0, 78.0,74,false,combined,1,12,19,38,0,NaN,NaN
166730,vp11,127,2017-10-06 21:28:59,1507325335882,X,2110,1297, 0.57999999999999996, 0.59999999999999998,left, 0.059999999999999998, 1.0,inperson,0,0,PkcF,-11, 16.0, 15.0,16,false,combined,0,20,3,30,0,NaN,NaN
166731,vp11,128,2017-10-06 21:29:07,1507325343000,O,2267,1297, 0.28000000000000003, 0.35999999999999999,left, 0.02, 1.0,inperson,0,0,PkcF,-11, 100.0, 74.0,0,false,combined,0,32,1,18,0,NaN,NaN
166732,vp11,129,2017-10-06 21:29:16,1507325350277,O,3911,1297, 0.52000000000000002, 0.64000000000000001,left, 1.0, 0.20000000000000001,inperson,0,0,PkcF,-11, 115.0, 94.0,0,false,combined,24,3,26,7,0,NaN,NaN
166733,vp11,130,2017-10-06 21:29:30,1507325365202,X,3512,1297, 0.93999999999999995, 0.64000000000000001,right, 1.0, 1.0,inperson,0,0,PkcF,0, -39.0, -52.0,-52,false,combined,3,18,47,32,0,NaN,NaN
166734,vp11,131,2017-10-06 21:29:37,1507325373721,X,1568,1297, 0.35999999999999999, 0.66000000000000003,right, 0.02, 1.0,inperson,0,0,PkcF,0, -45.0, -21.0,-21,false,combined,1,16,0,34,0,NaN,NaN
166735,vp11,132,2017-10-06 21:29:45,1507325380298,X,3732,1297, 0.80000000000000004, 0.52000000000000002,left, 1.0, 1.0,inperson,0,0,PkcF,0, -11.0, -31.0,-11,false,combined,11,24,39,26,0,NaN,NaN
166736,vp11,133,2017-10-06 21:29:52,1507325389039,O,1533,1297, 0.28000000000000003, 0.40000000000000002,left, 1.0, 1.0,inperson,0,0,PkcF,0, -11.0, -16.0,0,false,combined,37,29,13,21,0,NaN,NaN
166737,vp11,134,2017-10-06 21:29:59,1507325395579,X,1923,1297, 0.80000000000000004, 0.56000000000000005,right, 1.0, 1.0,inperson,0,0,PkcF,0, -38.0, -27.0,-27,false,combined,10,23,40,27,0,NaN,NaN
166738,vp11,135,2017-10-06 21:30:12,1507325408516,X,1897,1276, 0.83999999999999997, 0.92000000000000004,left, 1.0, 1.0,inperson,0,0,PkcF,-21, 6.0, 5.0,6,false,combined,8,4,42,46,0,NaN,NaN
166739,vp11,136,2017-10-06 21:30:18,1507325415421,X,1216,1276, 0.88, 0.16,left, 1.0, 1.0,inperson,0,0,PkcF,-21, 34.0, 94.0,34,false,combined,7,41,43,9,0,NaN,NaN
166740,vp11,137,2017-10-06 21:30:28,1507325421645,X,4542,1276, 0.59999999999999998, 0.34000000000000002,left, 0.20000000000000001, 1.0,inperson,0,0,PkcF,-21, 54.0, 74.0,54,false,combined,5,31,5,19,0,NaN,NaN
166741,vp11,138,2017-10-06 21:30:35,1507325431194,O,2845,1276, 0.26000000000000001, 0.47999999999999998,right, 1.0, 1.0,inperson,0,0,PkcF,-21, 8.0, 9.0,0,false,combined,37,25,13,25,0,NaN,NaN
166742,vp11,139,2017-10-06 21:30:44,1507325439047,O,3208,1276, 0.68000000000000005, 0.22,left, 1.0, 0.02,inperson,0,0,PkcF,-21, 7.0, 45.0,0,false,combined,16,1,34,0,0,NaN,NaN
166743,vp11,140,2017-10-06 21:30:56,1507325453269,O,1366,1276, 0.52000000000000002, 0.92000000000000004,left, 1.0, 0.40000000000000002,inperson,0,0,PkcF,0, 115.0, 5.0,0,false,combined,23,3,27,17,0,NaN,NaN
166744,vp11,141,2017-10-06 21:31:03,1507325459642,X,1664,1276, 0.76000000000000001, 0.56000000000000005,left, 1.0, 1.0,inperson,0,0,PkcF,0, 77.0, 118.0,77,false,combined,12,23,38,27,0,NaN,NaN
166745,vp11,142,2017-10-06 21:31:11,1507325466316,X,3498,1276, 0.85999999999999999, 0.92000000000000004,left, 1.0, 1.0,inperson,0,0,PkcF,0, 29.0, 25.0,29,false,combined,6,4,44,46,0,NaN,NaN
166746,vp11,143,2017-10-06 21:31:18,1507325474822,X,1906,1276, 0.68000000000000005, 0.83999999999999997,right, 0.40000000000000002, 1.0,inperson,0,0,PkcF,0, 91.0, 84.0,84,false,combined,7,8,13,42,0,NaN,NaN
166747,vp11,144,2017-10-06 21:31:25,1507325481737,X,1864,1276, 0.44, 0.47999999999999998,left, 1.0, 1.0,inperson,0,0,PkcF,0, 144.0, 114.0,144,false,combined,28,26,22,24,0,NaN,NaN
166748,vp11,145,2017-10-06 21:31:39,1507325494615,X,2645,1305, 0.76000000000000001, 0.56000000000000005,right, 1.0, 1.0,inperson,0,0,PkcF,29, -77.0, -118.0,-118,false,combined,12,23,38,27,0,NaN,NaN
166749,vp11,146,2017-10-06 21:31:46,1507325502268,O,2148,1305, 0.47999999999999998, 0.59999999999999998,left, 1.0, 1.0,inperson,0,0,PkcF,29, -138.0, -106.0,0,false,combined,25,21,25,29,0,NaN,NaN
166750,vp11,147,2017-10-06 21:31:53,1507325509423,X,1784,1305, 0.76000000000000001, 0.68000000000000005,right, 1.0, 0.20000000000000001,inperson,0,0,PkcF,29, -84.0, -95.0,-95,false,combined,12,5,38,5,0,NaN,NaN
166751,vp11,148,2017-10-06 21:32:00,1507325516215,O,2368,1305, 0.68000000000000005, 0.59999999999999998,right, 0.059999999999999998, 1.0,inperson,0,0,PkcF,29, -74.0, -88.0,0,false,combined,1,20,2,30,0,NaN,NaN
166752,vp11,149,2017-10-06 21:32:07,1507325523590,O,1592,1305, 0.10000000000000001, 0.56000000000000005,left, 1.0, 0.10000000000000001,inperson,0,0,PkcF,29, -33.0, -20.0,0,false,combined,46,1,4,4,0,NaN,NaN
166753,vp11,150,2017-10-06 21:38:51,1507325928265,X,1825,1305, 0.64000000000000001, 0.68000000000000005,right, 1.0, 1.0,inperson,0,0,PkcF,0, -23.0, -7.0,-7,false,combined,17,16,33,34,0,NaN,NaN
166754,vp11,151,2017-10-06 21:38:58,1507325935105,X,1063,1305, 0.92000000000000004, 0.68000000000000005,right, 1.0, 1.0,inperson,0,0,PkcF,0, -33.0, -7.0,-7,false,combined,3,17,47,33,0,NaN,NaN
166755,vp11,152,2017-10-06 21:39:04,1507325941180,O,1598,1305, 0.080000000000000002, 0.52000000000000002,left, 1.0, 0.10000000000000001,inperson,0,0,PkcF,0, -63.0, -58.0,0,false,combined,45,2,5,3,0,NaN,NaN
166756,vp11,153,2017-10-06 21:39:10,1507325947790,O,1307,1305, 0.64000000000000001, 0.16,right, 1.0, 0.40000000000000002,inperson,0,0,PkcF,0, -47.0, -99.0,0,false,combined,19,17,31,3,0,NaN,NaN
166757,vp11,154,2017-10-06 21:39:17,1507325954108,O,1228,1305, 0.20000000000000001, 0.38,right, 1.0, 1.0,inperson,0,0,PkcF,0, -118.0, -32.0,0,false,combined,39,31,11,19,0,NaN,NaN
166758,vp11,155,2017-10-06 21:39:30,1507325966355,O,1839,1298, 0.47999999999999998, 0.59999999999999998,left, 1.0, 1.0,inperson,0,0,PkcF,-7, 138.0, 106.0,0,false,combined,25,21,25,29,0,NaN,NaN
166759,vp11,156,2017-10-06 21:39:36,1507325973206,X,1867,1298, 0.56000000000000005, 0.47999999999999998,right, 0.10000000000000001, 1.0,inperson,0,0,PkcF,-7, 30.0, 63.0,63,false,combined,3,26,2,24,0,NaN,NaN
166760,vp11,157,2017-10-06 21:39:44,1507325980083,X,2248,1298, 0.76000000000000001, 0.83999999999999997,left, 1.0, 0.80000000000000004,inperson,0,0,PkcF,-7, 67.0, 66.0,67,false,combined,12,9,38,31,0,NaN,NaN
166761,vp11,158,2017-10-06 21:39:51,1507325987341,X,1926,1298, 0.76000000000000001, 0.56000000000000005,left, 1.0, 1.0,inperson,0,0,PkcF,-7, 30.0, 48.0,30,false,combined,12,22,38,28,0,NaN,NaN
166762,vp11,159,2017-10-06 21:39:57,1507325994277,O,1861,1298, 0.68000000000000005, 0.83999999999999997,right, 0.40000000000000002, 1.0,inperson,0,0,PkcF,-7, 101.0, 82.0,0,false,combined,5,8,15,42,0,NaN,NaN
166763,vp11,160,2017-10-06 21:40:11,1507326007158,X,2524,1328, 0.83999999999999997, 0.92000000000000004,left, 1.0, 1.0,inperson,0,0,PkcF,30, -6.0, -5.0,-6,false,combined,8,4,42,46,0,NaN,NaN
166764,vp11,161,2017-10-06 21:40:17,1507326014695,O,1458,1328, 0.88, 0.16,right, 0.02, 1.0,inperson,0,0,PkcF,30, -60.0, -94.0,0,false,combined,0,42,1,8,0,NaN,NaN
166765,vp11,162,2017-10-06 21:40:25,1507326021162,O,2323,1328, 0.95999999999999996, 0.32000000000000001,right, 1.0, 1.0,inperson,0,0,PkcF,30, -15.0, -53.0,0,false,combined,3,33,47,17,0,NaN,NaN
166766,vp11,163,2017-10-06 21:40:32,1507326028496,O,1991,1328, 0.71999999999999997, 0.5,right, 0.10000000000000001, 1.0,inperson,0,0,PkcF,30, -40.0, -50.0,0,false,combined,1,25,4,25,0,NaN,NaN
166767,vp11,164,2017-10-06 21:40:39,1507326035497,O,1845,1328, 0.47999999999999998, 0.56000000000000005,left, 1.0, 0.02,inperson,0,0,PkcF,30, -125.0, -80.0,0,false,combined,27,0,23,1,0,NaN,NaN
166768,vp11,165,2017-10-06 21:40:51,1507326048360,X,1377,1328, 0.81999999999999995, 0.20000000000000001,left, 1.0, 1.0,inperson,0,0,PkcF,0, 37.0, 100.0,37,false,combined,10,39,40,11,0,NaN,NaN
166769,vp11,166,2017-10-06 21:40:57,1507326054749,O,1276,1328, 0.76000000000000001, 0.80000000000000004,right, 1.0, 1.0,inperson,0,0,PkcF,0, 39.0, 75.0,0,false,combined,12,9,38,41,0,NaN,NaN
166770,vp11,167,2017-10-06 21:41:04,1507326061034,X,2024,1328, 0.44, 0.52000000000000002,left, 1.0, 1.0,inperson,0,0,PkcF,0, 136.0, 29.0,136,false,combined,28,24,22,26,0,NaN,NaN
166771,vp11,168,2017-10-06 21:41:12,1507326068067,X,2480,1328, 0.40000000000000002, 0.80000000000000004,right, 0.10000000000000001, 1.0,inperson,0,0,PkcF,0, 87.0, 55.0,55,false,combined,4,10,1,40,0,NaN,NaN
166772,vp11,169,2017-10-06 21:41:19,1507326075556,X,1861,1328, 0.32000000000000001, 0.90000000000000002,right, 1.0, 0.80000000000000004,inperson,0,0,PkcF,0, 85.0, 70.0,70,false,combined,33,6,17,34,0,NaN,NaN
166773,vp11,170,2017-10-06 21:41:33,1507326088434,X,2858,1383, 0.64000000000000001, 0.29999999999999999,left, 1.0, 0.40000000000000002,inperson,0,0,PkcF,55, 16.0, 46.0,16,false,combined,18,15,32,5,0,NaN,NaN
166774,vp11,171,2017-10-06 21:41:39,1507326096303,O,1559,1383, 0.76000000000000001, 0.80000000000000004,left, 1.0, 1.0,inperson,0,0,PkcF,55, 96.0, 86.0,0,false,combined,12,10,38,40,0,NaN,NaN
166775,vp11,172,2017-10-06 21:41:47,1507326102870,X,2701,1383, 0.32000000000000001, 0.35999999999999999,right, 1.0, 1.0,inperson,0,0,PkcF,55, 29.0, 48.0,48,false,combined,33,32,17,18,0,NaN,NaN
166776,vp11,173,2017-10-06 21:41:53,1507326110579,O,1040,1383, 0.12, 0.88,right, 0.059999999999999998, 1.0,inperson,0,0,PkcF,55, 100.0, 60.0,0,false,combined,2,7,1,43,0,NaN,NaN
166777,vp11,174,2017-10-06 21:42:00,1507326116626,X,1695,1383, 0.80000000000000004, 0.56000000000000005,left, 1.0, 1.0,inperson,0,0,PkcF,55, 38.0, 27.0,38,false,combined,10,23,40,27,0,NaN,NaN
166778,vp11,175,2017-10-06 21:42:13,1507326129334,O,2161,1383, 0.28000000000000003, 0.68000000000000005,left, 1.0, 1.0,inperson,0,0,PkcF,0, -62.0, -22.0,0,false,combined,37,15,13,35,0,NaN,NaN
166779,vp11,176,2017-10-06 21:42:22,1507326136503,X,4237,1383, 0.76000000000000001, 0.88,left, 1.0, 1.0,inperson,0,0,PkcF,0, -39.0, -34.0,-39,false,combined,13,6,37,44,0,NaN,NaN
166780,vp11,177,2017-10-06 21:42:29,1507326145748,O,1679,1383, 0.38, 0.35999999999999999,left, 1.0, 0.059999999999999998,inperson,0,0,PkcF,0, -40.0, -51.0,0,false,combined,31,2,19,1,0,NaN,NaN
166781,vp11,178,2017-10-06 21:42:36,1507326152434,O,2528,1383, 0.59999999999999998, 0.69999999999999996,right, 0.059999999999999998, 1.0,inperson,0,0,PkcF,0, -89.0, -74.0,0,false,combined,1,15,2,35,0,NaN,NaN
166782,vp11,179,2017-10-06 21:42:44,1507326159970,X,3042,1383, 0.95999999999999996, 0.80000000000000004,right, 0.10000000000000001, 1.0,inperson,0,0,PkcF,0, -72.0, -89.0,-89,false,combined,0,10,5,40,0,NaN,NaN
166783,vp11,180,2017-10-06 21:42:57,1507326174030,O,1562,1294, 0.88, 0.16,right, 1.0, 1.0,inperson,0,0,PkcF,-89, -34.0, -94.0,0,false,combined,7,41,43,9,0,NaN,NaN
166784,vp11,181,2017-10-06 21:43:03,1507326180600,X,1182,1294, 0.95999999999999996, 0.52000000000000002,right, 1.0, 0.80000000000000004,inperson,0,0,PkcF,-89, -63.0, -60.0,-60,false,combined,3,19,47,21,0,NaN,NaN
166785,vp11,182,2017-10-06 21:43:11,1507326186790,O,2607,1294, 0.76000000000000001, 0.83999999999999997,right, 1.0, 0.80000000000000004,inperson,0,0,PkcF,-89, -67.0, -66.0,0,false,combined,12,9,38,31,0,NaN,NaN
166786,vp11,183,2017-10-06 21:43:17,1507326194404,O,1064,1294, 0.26000000000000001, 0.20000000000000001,left, 1.0, 1.0,inperson,0,0,PkcF,-89, -62.0, -134.0,0,false,combined,36,40,14,10,0,NaN,NaN
166787,vp11,184,2017-10-06 21:43:25,1507326200476,O,3243,1294, 0.17999999999999999, 0.17999999999999999,left, 1.0, 1.0,inperson,0,0,PkcF,-89, -85.0, -78.0,0,false,combined,41,40,9,10,0,NaN,NaN
166788,vp11,185,2017-10-06 21:43:38,1507326214733,O,1894,1294, 0.90000000000000002, 0.44,right, 0.02, 1.0,inperson,0,0,PkcF,0, 20.0, 25.0,0,false,combined,1,26,0,24,0,NaN,NaN
166789,vp11,186,2017-10-06 21:43:47,1507326221635,O,4401,1294, 0.34000000000000002, 0.26000000000000001,right, 1.0, 1.0,inperson,0,0,PkcF,0, 44.0, 61.0,0,false,combined,33,36,17,14,0,NaN,NaN
166790,vp11,187,2017-10-06 21:43:54,1507326231043,X,1392,1294, 0.73999999999999999, 0.90000000000000002,right, 1.0, 1.0,inperson,0,0,PkcF,0, 4.0, 15.0,15,false,combined,12,5,38,45,0,NaN,NaN
166791,vp11,188,2017-10-06 21:44:00,1507326237442,O,1471,1294, 0.44, 0.44,left, 1.0, 0.059999999999999998,inperson,0,0,PkcF,0, 90.0, 60.0,0,false,combined,26,2,24,1,0,NaN,NaN
166792,vp11,189,2017-10-06 21:44:07,1507326243921,X,1341,1294, 0.95999999999999996, 0.78000000000000003,left, 1.0, 1.0,inperson,0,0,PkcF,0, 11.0, 2.0,11,false,combined,2,12,48,38,0,NaN,NaN
166793,vp11,190,2017-10-06 21:44:19,1507326256276,X,1746,1305, 0.71999999999999997, 0.059999999999999998,left, 1.0, 1.0,inperson,0,0,PkcF,11, 12.0, 134.0,12,false,combined,14,46,36,4,0,NaN,NaN
166794,vp11,191,2017-10-06 21:44:26,1507326263030,O,1935,1305, 0.22, 0.68000000000000005,right, 1.0, 0.20000000000000001,inperson,0,0,PkcF,11, 11.0, 8.0,0,false,combined,39,2,11,8,0,NaN,NaN
166795,vp11,192,2017-10-06 21:44:33,1507326269976,O,1184,1305, 0.62, 0.47999999999999998,left, 1.0, 0.02,inperson,0,0,PkcF,11, 13.0, 9.0,0,false,combined,20,0,30,1,0,NaN,NaN
166796,vp11,193,2017-10-06 21:44:39,1507326276168,X,1749,1305, 0.64000000000000001, 0.16,left, 1.0, 0.40000000000000002,inperson,0,0,PkcF,11, 47.0, 99.0,47,false,combined,19,17,31,3,0,NaN,NaN
166797,vp11,194,2017-10-06 21:44:49,1507326282925,X,5045,1305, 0.29999999999999999, 0.46000000000000002,right, 1.0, 0.10000000000000001,inperson,0,0,PkcF,11, 60.0, 50.0,50,false,combined,35,3,15,2,0,NaN,NaN
166798,vp11,195,2017-10-06 21:45:02,1507326298984,O,2131,1305, 0.52000000000000002, 0.92000000000000004,right, 1.0, 0.40000000000000002,inperson,0,0,PkcF,0, -115.0, -5.0,0,false,combined,23,3,27,17,0,NaN,NaN
166799,vp11,196,2017-10-06 21:45:10,1507326306122,X,2051,1305, 0.47999999999999998, 0.62,left, 0.80000000000000004, 1.0,inperson,0,0,PkcF,0, -9.0, -13.0,-9,false,combined,20,19,20,31,0,NaN,NaN
166800,vp11,197,2017-10-06 21:45:16,1507326313181,X,1769,1305, 0.22, 0.59999999999999998,right, 0.059999999999999998, 1.0,inperson,0,0,PkcF,0, -27.0, -15.0,-15,false,combined,1,20,2,30,0,NaN,NaN
166801,vp11,198,2017-10-06 21:45:22,1507326319958,X,925,1305, 0.62, 0.47999999999999998,right, 1.0, 0.02,inperson,0,0,PkcF,0, -13.0, -9.0,-9,false,combined,20,0,30,1,0,NaN,NaN
166802,vp11,199,2017-10-06 21:45:30,1507326325891,X,2326,1305, 0.34000000000000002, 0.26000000000000001,left, 1.0, 1.0,inperson,0,0,PkcF,0, -44.0, -61.0,-44,false,combined,33,36,17,14,0,NaN,NaN
166803,vp11,200,2017-10-06 21:45:47,1507326341682,X,3544,1290, 0.76000000000000001, 0.68000000000000005,right, 1.0, 0.02,inperson,0,0,PkcF,-15, -88.0, -80.0,-80,false,combined,12,1,38,0,0,NaN,NaN
166804,vp11,201,2017-10-06 21:45:53,1507326350234,X,1615,1290, 0.32000000000000001, 0.44,left, 1.0, 1.0,inperson,0,0,PkcF,-15, -39.0, -42.0,-39,false,combined,34,27,16,23,0,NaN,NaN
166805,vp11,202,2017-10-06 21:46:00,1507326356857,O,1594,1290, 0.59999999999999998, 0.34000000000000002,right, 0.40000000000000002, 1.0,inperson,0,0,PkcF,-15, -54.0, -74.0,0,false,combined,5,31,15,19,0,NaN,NaN
166806,vp11,203,2017-10-06 21:46:07,1507326363459,X,2432,1290, 0.52000000000000002, 0.64000000000000001,left, 1.0, 0.20000000000000001,inperson,0,0,PkcF,-15, -115.0, -94.0,-115,false,combined,24,3,26,7,0,NaN,NaN
166807,vp11,204,2017-10-06 21:46:14,1507326370899,O,1696,1290, 0.32000000000000001, 0.90000000000000002,left, 1.0, 0.80000000000000004,inperson,0,0,PkcF,-15, -85.0, -70.0,0,false,combined,33,6,17,34,0,NaN,NaN
166808,vp11,205,2017-10-06 21:46:27,1507326383610,O,2005,1290, 0.47999999999999998, 0.62,right, 0.80000000000000004, 1.0,inperson,0,0,PkcF,0, 9.0, 13.0,0,false,combined,20,19,20,31,0,NaN,NaN
166809,vp11,206,2017-10-06 21:46:34,1507326390623,O,1973,1290, 0.88, 0.16,right, 0.20000000000000001, 1.0,inperson,0,0,PkcF,0, 45.0, 94.0,0,false,combined,3,41,7,9,0,NaN,NaN
166810,vp11,207,2017-10-06 21:46:41,1507326397604,X,1998,1290, 0.73999999999999999, 0.38,right, 1.0, 1.0,inperson,0,0,PkcF,0, 28.0, 40.0,40,false,combined,13,31,37,19,0,NaN,NaN
166811,vp11,208,2017-10-06 21:46:48,1507326404609,O,2033,1290, 0.28000000000000003, 0.68000000000000005,left, 1.0, 1.0,inperson,0,0,PkcF,0, 62.0, 22.0,0,false,combined,37,15,13,35,0,NaN,NaN
166812,vp11,209,2017-10-06 21:46:54,1507326411649,O,1064,1290, 0.20000000000000001, 0.38,left, 1.0, 1.0,inperson,0,0,PkcF,0, 118.0, 32.0,0,false,combined,39,31,11,19,0,NaN,NaN
166813,vp11,210,2017-10-06 21:47:09,1507326423727,X,4150,1290, 0.71999999999999997, 0.83999999999999997,left, 1.0, 0.059999999999999998,inperson,0,0,PkcF,0, -42.0, -71.0,-42,false,combined,14,0,36,3,0,NaN,NaN
166814,vp11,211,2017-10-06 21:47:16,1507326432885,O,1804,1290, 0.22, 0.81999999999999995,left, 0.10000000000000001, 1.0,inperson,0,0,PkcF,0, -80.0, -23.0,0,false,combined,4,4,1,46,0,NaN,NaN
166815,vp11,212,2017-10-06 21:47:24,1507326439696,X,2538,1290, 0.44, 0.59999999999999998,left, 1.0, 0.80000000000000004,inperson,0,0,PkcF,0, -68.0, -45.0,-68,false,combined,27,20,23,30,0,NaN,NaN
166816,vp11,213,2017-10-06 21:47:30,1507326447242,X,1285,1290, 0.44, 0.71999999999999997,left, 1.0, 1.0,inperson,0,0,PkcF,0, -11.0, -42.0,-11,false,combined,27,13,23,37,0,NaN,NaN
166817,vp11,214,2017-10-06 21:47:37,1507326453535,X,2338,1290, 0.76000000000000001, 0.80000000000000004,right, 1.0, 1.0,inperson,0,0,PkcF,0, -96.0, -86.0,-86,false,combined,12,10,38,40,0,NaN,NaN
166818,vp11,215,2017-10-06 21:47:50,1507326466887,O,1530,1290, 0.32000000000000001, 0.35999999999999999,left, 1.0, 1.0,inperson,0,0,PkcF,0, -29.0, -48.0,0,false,combined,33,32,17,18,0,NaN,NaN
166819,vp11,216,2017-10-06 21:47:57,1507326473425,X,2396,1290, 0.80000000000000004, 0.68000000000000005,left, 1.0, 1.0,inperson,0,0,PkcF,0, -19.0, -48.0,-19,false,combined,10,16,40,34,0,NaN,NaN
166820,vp11,217,2017-10-06 21:48:04,1507326480829,X,2062,1290, 0.29999999999999999, 0.5,left, 0.80000000000000004, 1.0,inperson,0,0,PkcF,0, -39.0, -42.0,-39,false,combined,25,25,15,25,0,NaN,NaN
166821,vp11,218,2017-10-06 21:48:11,1507326487899,X,1840,1290, 0.23999999999999999, 0.93999999999999995,left, 1.0, 1.0,inperson,0,0,PkcF,0, -116.0, -42.0,-116,false,combined,37,4,13,46,0,NaN,NaN
166822,vp11,219,2017-10-06 21:48:18,1507326494747,O,1658,1290, 0.44, 0.52000000000000002,right, 1.0, 1.0,inperson,0,0,PkcF,0, -136.0, -29.0,0,false,combined,28,24,22,26,0,NaN,NaN
166823,vp11,220,2017-10-06 21:48:30,1507326507419,X,1504,1290, 0.85999999999999999, 0.41999999999999998,left, 1.0, 0.20000000000000001,inperson,0,0,PkcF,0, 20.0, 44.0,20,false,combined,7,1,43,9,0,NaN,NaN
166824,vp11,221,2017-10-06 21:48:37,1507326513931,X,1353,1290, 0.71999999999999997, 0.83999999999999997,left, 1.0, 0.059999999999999998,inperson,0,0,PkcF,0, 42.0, 71.0,42,false,combined,14,0,36,3,0,NaN,NaN
166825,vp11,222,2017-10-06 21:48:44,1507326520291,O,2528,1290, 0.57999999999999996, 0.57999999999999996,right, 1.0, 1.0,inperson,0,0,PkcF,0, 15.0, 17.0,0,false,combined,21,21,29,29,0,NaN,NaN
166826,vp11,223,2017-10-06 21:48:52,1507326527827,O,2907,1290, 0.22, 0.41999999999999998,left, 1.0, 1.0,inperson,0,0,PkcF,0, 130.0, 68.0,0,false,combined,38,28,12,22,0,NaN,NaN
166827,vp11,224,2017-10-06 21:48:58,1507326535742,X,1321,1290, 0.75, 0.80000000000000004,right, 0.80000000000000004, 1.0,inperson,0,0,PkcF,0, 70.0, 80.0,80,false,combined,15,10,25,40,0,NaN,NaN
166828,vp11,225,2017-10-06 21:49:12,1507326548076,X,2534,1290, 0.64000000000000001, 0.40000000000000002,right, 1.0, 1.0,inperson,0,0,PkcF,0, -93.0, -127.0,-127,false,combined,19,30,31,20,0,NaN,NaN
166829,vp11,226,2017-10-06 21:49:19,1507326555617,O,1873,1290, 0.35999999999999999, 0.92000000000000004,left, 0.059999999999999998, 1.0,inperson,0,0,PkcF,0, -98.0, -90.0,0,false,combined,1,4,2,46,0,NaN,NaN
166830,vp11,227,2017-10-06 21:49:25,1507326562498,O,880,1290, 0.28000000000000003, 0.62,left, 1.0, 1.0,inperson,0,0,PkcF,0, -106.0, -44.0,0,false,combined,36,18,14,32,0,NaN,NaN
166831,vp11,228,2017-10-06 21:49:32,1507326568386,X,2273,1290, 0.75, 0.80000000000000004,left, 0.80000000000000004, 1.0,inperson,0,0,PkcF,0, -70.0, -80.0,-70,false,combined,15,10,25,40,0,NaN,NaN
166832,vp11,229,2017-10-06 21:49:38,1507326575667,O,1474,1290, 0.59999999999999998, 0.34000000000000002,right, 0.20000000000000001, 1.0,inperson,0,0,PkcF,0, -54.0, -74.0,0,false,combined,5,31,5,19,0,NaN,NaN
166833,vp11,230,2017-10-06 21:49:53,1507326588155,O,3205,1290, 0.22, 0.41999999999999998,left, 1.0, 1.0,inperson,0,0,PkcF,0, -130.0, -68.0,0,false,combined,38,28,12,22,0,NaN,NaN
166834,vp11,231,2017-10-06 21:50:01,1507326596368,O,2789,1290, 0.88, 0.47999999999999998,right, 1.0, 1.0,inperson,0,0,PkcF,0, -54.0, -132.0,0,false,combined,6,26,44,24,0,NaN,NaN
166835,vp11,232,2017-10-06 21:50:08,1507326604165,O,2218,1290, 0.35999999999999999, 0.56000000000000005,left, 0.10000000000000001, 1.0,inperson,0,0,PkcF,0, -74.0, -98.0,0,false,combined,3,22,2,28,0,NaN,NaN
166836,vp11,233,2017-10-06 21:50:15,1507326611390,O,2450,1290, 0.66000000000000003, 0.69999999999999996,left, 1.0, 1.0,inperson,0,0,PkcF,0, -22.0, -23.0,0,false,combined,17,15,33,35,0,NaN,NaN
166837,vp11,234,2017-10-06 21:50:22,1507326618849,X,1640,1290, 0.66000000000000003, 0.35999999999999999,right, 1.0, 0.80000000000000004,inperson,0,0,PkcF,0, -21.0, -68.0,-68,false,combined,18,25,32,15,0,NaN,NaN
166838,vp11,235,2017-10-06 21:50:36,1507326631504,X,2987,1290, 0.62, 0.73999999999999999,left, 1.0, 0.40000000000000002,inperson,0,0,PkcF,0, -48.0, -51.0,-48,false,combined,20,5,30,15,0,NaN,NaN
166839,vp11,236,2017-10-06 21:50:44,1507326639499,O,2833,1290, 0.80000000000000004, 0.71999999999999997,right, 1.0, 1.0,inperson,0,0,PkcF,0, -38.0, -42.0,0,false,combined,10,14,40,36,0,NaN,NaN
166840,vp11,237,2017-10-06 21:50:53,1507326647340,X,3804,1290, 0.44, 0.90000000000000002,right, 1.0, 0.059999999999999998,inperson,0,0,PkcF,0, -25.0, -16.0,-16,false,combined,26,1,24,2,0,NaN,NaN
166841,vp11,238,2017-10-06 21:50:59,1507326656152,O,1624,1290, 0.56000000000000005, 0.47999999999999998,left, 0.10000000000000001, 1.0,inperson,0,0,PkcF,0, -30.0, -63.0,0,false,combined,3,26,2,24,0,NaN,NaN
166842,vp11,239,2017-10-06 21:51:07,1507326662784,X,2409,1290, 0.28000000000000003, 0.66000000000000003,left, 1.0, 0.059999999999999998,inperson,0,0,PkcF,0, -88.0, -38.0,-88,false,combined,36,1,14,2,0,NaN,NaN
166843,vp11,240,2017-10-06 21:51:20,1507326676208,O,2000,1242, 0.66000000000000003, 0.35999999999999999,left, 1.0, 0.20000000000000001,inperson,0,0,PkcF,-48, 21.0, 60.0,0,false,combined,18,6,32,4,0,NaN,NaN
166844,vp11,241,2017-10-06 21:51:26,1507326683216,O,1822,1242, 0.28000000000000003, 0.40000000000000002,right, 1.0, 1.0,inperson,0,0,PkcF,-48, 11.0, 16.0,0,false,combined,37,29,13,21,0,NaN,NaN
166845,vp11,242,2017-10-06 21:51:34,1507326690046,X,2365,1242, 0.83999999999999997, 0.76000000000000001,left, 1.0, 1.0,inperson,0,0,PkcF,-48, 7.0, 5.0,7,false,combined,9,11,41,39,0,NaN,NaN
166846,vp11,243,2017-10-06 21:51:40,1507326697418,O,1303,1242, 0.44, 0.64000000000000001,left, 1.0, 0.059999999999999998,inperson,0,0,PkcF,-48, 11.0, 8.0,0,false,combined,27,1,23,2,0,NaN,NaN
166847,vp11,244,2017-10-06 21:51:46,1507326703729,X,1212,1242, 0.71999999999999997, 0.5,right, 0.10000000000000001, 1.0,inperson,0,0,PkcF,-48, 40.0, 50.0,50,false,combined,1,25,4,25,0,NaN,NaN
166848,vp11,245,2017-10-06 21:51:59,1507326715955,O,2127,1242, 0.81999999999999995, 0.32000000000000001,right, 1.0, 1.0,inperson,0,0,PkcF,0, -37.0, -115.0,0,false,combined,10,33,40,17,0,NaN,NaN
166849,vp11,246,2017-10-06 21:52:08,1507326723090,X,3401,1242, 0.88, 0.29999999999999999,right, 1.0, 0.20000000000000001,inperson,0,0,PkcF,0, -26.0, -73.0,-73,false,combined,6,5,44,5,0,NaN,NaN
166850,vp11,247,2017-10-06 21:52:15,1507326731499,X,2476,1242, 0.71999999999999997, 0.80000000000000004,right, 1.0, 1.0,inperson,0,0,PkcF,0, -47.0, -24.0,-24,false,combined,13,11,37,39,0,NaN,NaN
166851,vp11,248,2017-10-06 21:52:21,1507326738983,X,889,1242, 0.66000000000000003, 0.93999999999999995,right, 1.0, 1.0,inperson,0,0,PkcF,0, -15.0, -5.0,-5,false,combined,18,2,32,48,0,NaN,NaN
166852,vp11,249,2017-10-06 21:52:29,1507326744880,X,2315,1242, 0.85999999999999999, 0.92000000000000004,left, 1.0, 1.0,inperson,0,0,PkcF,0, -29.0, -25.0,-29,false,combined,6,4,44,46,0,NaN,NaN
166853,vp11,250,2017-10-06 21:52:44,1507326760665,X,2057,1213, 0.64000000000000001, 0.68000000000000005,left, 1.0, 1.0,inperson,0,0,PkcF,-29, 97.0, 86.0,97,false,combined,18,16,32,34,0,NaN,NaN
166854,vp11,251,2017-10-06 21:52:51,1507326767730,X,1862,1213, 0.22, 0.81999999999999995,right, 0.10000000000000001, 1.0,inperson,0,0,PkcF,-29, 80.0, 23.0,23,false,combined,4,4,1,46,0,NaN,NaN
166855,vp11,252,2017-10-06 21:52:58,1507326774599,X,2268,1213, 0.68000000000000005, 0.59999999999999998,right, 0.059999999999999998, 1.0,inperson,0,0,PkcF,-29, 74.0, 88.0,88,false,combined,1,20,2,30,0,NaN,NaN
166856,vp11,253,2017-10-06 21:53:04,1507326781874,X,1159,1213, 0.76000000000000001, 0.68000000000000005,left, 1.0, 0.20000000000000001,inperson,0,0,PkcF,-29, 84.0, 95.0,84,false,combined,12,5,38,5,0,NaN,NaN
166857,vp11,254,2017-10-06 21:53:11,1507326788041,O,2010,1213, 0.56000000000000005, 0.68000000000000005,right, 1.0, 1.0,inperson,0,0,PkcF,-29, 9.0, 22.0,0,false,combined,22,16,28,34,0,NaN,NaN
166858,vp11,255,2017-10-06 21:53:26,1507326801065,O,3376,1297, 0.17999999999999999, 0.17999999999999999,right, 1.0, 1.0,inperson,0,0,PkcF,84, 85.0, 78.0,0,false,combined,41,40,9,10,0,NaN,NaN
166859,vp11,256,2017-10-06 21:53:32,1507326809448,O,1057,1297, 0.59999999999999998, 0.69999999999999996,right, 0.059999999999999998, 1.0,inperson,0,0,PkcF,84, 89.0, 74.0,0,false,combined,1,15,2,35,0,NaN,NaN
166860,vp11,257,2017-10-06 21:53:38,1507326815511,X,1401,1297, 0.88, 0.47999999999999998,right, 1.0, 1.0,inperson,0,0,PkcF,84, 54.0, 132.0,132,false,combined,6,26,44,24,0,NaN,NaN
166861,vp11,258,2017-10-06 21:53:47,1507326821918,X,3565,1297, 0.47999999999999998, 0.80000000000000004,right, 0.10000000000000001, 1.0,inperson,0,0,PkcF,84, 63.0, 8.0,8,false,combined,3,10,2,40,0,NaN,NaN
166862,vp11,259,2017-10-06 21:53:55,1507326830491,X,2706,1297, 0.80000000000000004, 0.52000000000000002,left, 1.0, 1.0,inperson,0,0,PkcF,84, 11.0, 31.0,11,false,combined,11,24,39,26,0,NaN,NaN
166863,vp11,260,2017-10-06 21:54:09,1507326844213,X,3068,1305, 0.76000000000000001, 0.80000000000000004,left, 1.0, 1.0,inperson,0,0,PkcF,8, -39.0, -75.0,-39,false,combined,12,9,38,41,0,NaN,NaN
166864,vp11,261,2017-10-06 21:54:15,1507326852290,O,1643,1305, 0.26000000000000001, 0.47999999999999998,left, 1.0, 1.0,inperson,0,0,PkcF,8, -8.0, -9.0,0,false,combined,37,25,13,25,0,NaN,NaN
166865,vp11,262,2017-10-06 21:54:22,1507326858941,O,2133,1305, 0.83999999999999997, 0.32000000000000001,right, 1.0, 1.0,inperson,0,0,PkcF,8, -18.0, -47.0,0,false,combined,8,33,42,17,0,NaN,NaN
166866,vp11,263,2017-10-06 21:54:29,1507326866081,O,2021,1305, 0.76000000000000001, 0.56000000000000005,right, 1.0, 1.0,inperson,0,0,PkcF,8, -30.0, -48.0,0,false,combined,12,22,38,28,0,NaN,NaN
166867,vp11,264,2017-10-06 21:54:35,1507326873109,X,942,1305, 0.040000000000000001, 0.92000000000000004,right, 1.0, 1.0,inperson,0,0,PkcF,8, -125.0, -5.0,-5,false,combined,48,4,2,46,0,NaN,NaN
166868,vp11,265,2017-10-06 21:54:49,1507326885069,X,2155,1305, 0.41999999999999998, 0.26000000000000001,left, 1.0, 0.40000000000000002,inperson,0,0,PkcF,0, 33.0, 60.0,33,false,combined,28,17,22,3,0,NaN,NaN
166869,vp11,266,2017-10-06 21:54:56,1507326892232,X,2766,1305, 0.88, 0.16,left, 0.02, 1.0,inperson,0,0,PkcF,0, 60.0, 94.0,60,false,combined,0,42,1,8,0,NaN,NaN
166870,vp11,267,2017-10-06 21:55:03,1507326900006,O,1147,1305, 0.95999999999999996, 0.80000000000000004,right, 0.10000000000000001, 1.0,inperson,0,0,PkcF,0, 72.0, 89.0,0,false,combined,0,10,5,40,0,NaN,NaN
166871,vp11,268,2017-10-06 21:55:12,1507326906160,O,4086,1305, 0.47999999999999998, 0.23999999999999999,right, 1.0, 1.0,inperson,0,0,PkcF,0, 11.0, 14.0,0,false,combined,26,37,24,13,0,NaN,NaN
166872,vp11,269,2017-10-06 21:55:18,1507326915254,O,1577,1305, 0.040000000000000001, 0.92000000000000004,right, 1.0, 1.0,inperson,0,0,PkcF,0, 125.0, 5.0,0,false,combined,48,4,2,46,0,NaN,NaN
166873,vp11,270,2017-10-06 21:55:33,1507326927844,X,3590,1305, 0.80000000000000004, 0.71999999999999997,left, 1.0, 1.0,inperson,0,0,PkcF,0, 38.0, 42.0,38,false,combined,10,14,40,36,0,NaN,NaN
166874,vp11,271,2017-10-06 21:55:40,1507326936442,X,2191,1305, 0.80000000000000004, 0.68000000000000005,left, 1.0, 1.0,inperson,0,0,PkcF,0, 80.0, 89.0,80,false,combined,10,16,40,34,0,NaN,NaN
166875,vp11,272,2017-10-06 21:55:47,1507326943641,X,1600,1305, 0.56000000000000005, 0.88,right, 1.0, 1.0,inperson,0,0,PkcF,0, 114.0, 78.0,78,false,combined,22,6,28,44,0,NaN,NaN
166876,vp11,273,2017-10-06 21:55:54,1507326950249,X,2703,1305, 0.080000000000000002, 0.52000000000000002,right, 1.0, 0.10000000000000001,inperson,0,0,PkcF,0, 63.0, 58.0,58,false,combined,45,2,5,3,0,NaN,NaN
166877,vp11,274,2017-10-06 21:56:01,1507326957959,X,2122,1305, 0.95999999999999996, 0.59999999999999998,left, 1.0, 1.0,inperson,0,0,PkcF,0, 5.0, 25.0,5,false,combined,3,20,47,30,0,NaN,NaN
166878,vp11,275,2017-10-06 21:56:15,1507326971097,O,2679,1385, 0.80000000000000004, 0.68000000000000005,right, 1.0, 1.0,inperson,0,0,PkcF,80, -80.0, -89.0,0,false,combined,10,16,40,34,0,NaN,NaN
166879,vp11,276,2017-10-06 21:56:22,1507326978785,O,1439,1385, 0.62, 0.47999999999999998,right, 1.0, 0.80000000000000004,inperson,0,0,PkcF,80, -13.0, -9.0,0,false,combined,18,22,32,18,0,NaN,NaN
166880,vp11,277,2017-10-06 21:56:30,1507326985231,O,3222,1385, 0.44, 0.47999999999999998,left, 1.0, 1.0,inperson,0,0,PkcF,80, -144.0, -114.0,0,false,combined,28,26,22,24,0,NaN,NaN
166881,vp11,278,2017-10-06 21:56:37,1507326993461,O,2423,1385, 0.44, 0.44,right, 1.0, 0.059999999999999998,inperson,0,0,PkcF,80, -90.0, -60.0,0,false,combined,26,2,24,1,0,NaN,NaN
166882,vp11,279,2017-10-06 21:56:44,1507327000892,X,1236,1385, 0.73999999999999999, 0.90000000000000002,left, 1.0, 1.0,inperson,0,0,PkcF,80, -4.0, -15.0,-4,false,combined,12,5,38,45,0,NaN,NaN
166883,vp11,280,2017-10-06 21:56:57,1507327013142,O,2249,1385, 0.52000000000000002, 0.28000000000000003,right, 1.0, 1.0,inperson,0,0,PkcF,0, -25.0, -55.0,0,false,combined,24,36,26,14,0,NaN,NaN
166884,vp11,281,2017-10-06 21:57:03,1507327020398,O,1579,1385, 0.66000000000000003, 0.35999999999999999,left, 1.0, 0.20000000000000001,inperson,0,0,PkcF,0, -21.0, -60.0,0,false,combined,18,6,32,4,0,NaN,NaN
166885,vp11,282,2017-10-06 21:57:09,1507327026985,X,892,1385, 0.95999999999999996, 0.78000000000000003,right, 1.0, 1.0,inperson,0,0,PkcF,0, -11.0, -2.0,-2,false,combined,2,12,48,38,0,NaN,NaN
166886,vp11,283,2017-10-06 21:57:20,1507327032885,O,6000,1385, 0.68000000000000005, 0.83999999999999997,left, 0.40000000000000002, 1.0,inperson,0,0,PkcF,0, -101.0, -82.0,0,false,combined,5,8,15,42,0,NaN,NaN
166887,vp11,284,2017-10-06 21:57:27,1507327043893,O,1319,1385, 0.16, 0.40000000000000002,left, 1.0, 1.0,inperson,0,0,PkcF,0, -31.0, -75.0,0,false,combined,42,30,8,20,0,NaN,NaN
166888,vp11,285,2017-10-06 21:57:41,1507327056226,X,3436,1385, 0.59999999999999998, 0.40000000000000002,left, 0.10000000000000001, 1.0,inperson,0,0,PkcF,0, 35.0, 47.0,35,false,combined,2,30,3,20,0,NaN,NaN
166889,vp11,286,2017-10-06 21:57:48,1507327064670,X,1455,1385, 0.95999999999999996, 0.68000000000000005,left, 0.40000000000000002, 1.0,inperson,0,0,PkcF,0, 9.0, 18.0,9,false,combined,0,17,20,33,0,NaN,NaN
166890,vp11,287,2017-10-06 21:57:54,1507327071132,X,1673,1385, 0.95999999999999996, 0.52000000000000002,left, 1.0, 0.80000000000000004,inperson,0,0,PkcF,0, 63.0, 60.0,63,false,combined,3,19,47,21,0,NaN,NaN
166891,vp11,288,2017-10-06 21:58:01,1507327077813,X,1460,1385, 0.93999999999999995, 0.64000000000000001,left, 1.0, 1.0,inperson,0,0,PkcF,0, 39.0, 52.0,39,false,combined,3,18,47,32,0,NaN,NaN
166892,vp11,289,2017-10-06 21:58:08,1507327084281,O,1956,1385, 0.88, 0.12,right, 1.0, 0.02,inperson,0,0,PkcF,0, 17.0, 100.0,0,false,combined,6,0,44,1,0,NaN,NaN
166893,vp11,290,2017-10-06 21:58:21,1507327097251,O,2097,1424, 0.59999999999999998, 0.34000000000000002,left, 0.40000000000000002, 1.0,inperson,0,0,PkcF,39, 54.0, 74.0,0,false,combined,5,31,15,19,0,NaN,NaN
166894,vp11,291,2017-10-06 21:58:27,1507327104356,X,1715,1424, 0.64000000000000001, 0.40000000000000002,left, 1.0, 1.0,inperson,0,0,PkcF,39, 93.0, 127.0,93,false,combined,19,30,31,20,0,NaN,NaN
166895,vp11,292,2017-10-06 21:58:34,1507327111078,X,1060,1424, 0.35999999999999999, 0.66000000000000003,right, 0.02, 1.0,inperson,0,0,PkcF,39, 45.0, 21.0,21,false,combined,1,16,0,34,0,NaN,NaN
166896,vp11,293,2017-10-06 21:58:41,1507327117146,X,2055,1424, 0.47999999999999998, 0.62,right, 0.20000000000000001, 1.0,inperson,0,0,PkcF,39, 9.0, 13.0,13,false,combined,5,20,5,30,0,NaN,NaN
166897,vp11,294,2017-10-06 21:58:49,1507327124209,O,3428,1424, 0.040000000000000001, 0.47999999999999998,right, 1.0, 1.0,inperson,0,0,PkcF,39, 125.0, 63.0,0,false,combined,48,25,2,25,0,NaN,NaN
166898,vp11,295,2017-10-06 21:59:02,1507327138652,O,2325,1437, 0.69999999999999996, 0.56000000000000005,left, 1.0, 1.0,inperson,0,0,PkcF,13, -5.0, -12.0,0,false,combined,14,22,36,28,0,NaN,NaN
166899,vp11,296,2017-10-06 21:59:09,1507327145986,X,1720,1437, 0.57999999999999996, 0.57999999999999996,left, 1.0, 1.0,inperson,0,0,PkcF,13, -15.0, -17.0,-15,false,combined,21,21,29,29,0,NaN,NaN
166900,vp11,297,2017-10-06 21:59:16,1507327152714,X,1768,1437, 0.95999999999999996, 0.59999999999999998,right, 1.0, 1.0,inperson,0,0,PkcF,13, -16.0, -8.0,-8,false,combined,2,20,48,30,0,NaN,NaN
166901,vp11,298,2017-10-06 21:59:23,1507327159490,O,1955,1437, 0.83999999999999997, 0.76000000000000001,right, 1.0, 1.0,inperson,0,0,PkcF,13, -7.0, -5.0,0,false,combined,9,11,41,39,0,NaN,NaN
166902,vp11,299,2017-10-06 21:59:29,1507327166453,O,1031,1437, 0.23999999999999999, 0.71999999999999997,right, 0.20000000000000001, 1.0,inperson,0,0,PkcF,13, -40.0, -7.0,0,false,combined,8,13,2,37,0,NaN,NaN
