,id,MID,trial_number,start_date,trialstart,outcome,reaction_time,totalpoints,prop_left,prop_right,resp,revealed_left,revealed_right,AID,HID,noresp,session_id,five_trial_outcome,mag_left,mag_right,received_mag,practice,loss_or_reward,revealed_o_l,revealed_o_r,revealed_x_l,revealed_x_r,instruct_number,est_left_over_right,whensaved
82,169279,vp18,0,2017-10-17 19:35:01,1508268897145,X,2272,1000,0.83999999999999997,0.23999999999999999,left,1.0,1.0,inperson,0,0,PB1h,91,36.0,21.0,36,false,combined,9,37,41,13,0,,
83,169280,vp18,1,2017-10-17 19:35:08,1508268904447,X,1819,1000, 0.76000000000000001, 0.64000000000000001,right, 1.0, 1.0,inperson,0,0,PB1h,91, 78.0, 101.0,101,false,combined,13,17,37,33,0,,
84,169281,vp18,2,2017-10-17 19:35:14,1508268911294,X,1605,1000, 0.66000000000000003, 0.35999999999999999,left, 1.0, 0.80000000000000004,inperson,0,0,PB1h,91, 21.0, 68.0,21,false,combined,18,25,32,15,0,,
85,169282,vp18,3,2017-10-17 19:35:21,1508268917924,X,1387,1000, 0.76000000000000001, 0.92000000000000004,right, 0.10000000000000001, 1.0,inperson,0,0,PB1h,91, 8.0, 12.0,12,false,combined,1,4,4,46,0,,
86,169283,vp18,4,2017-10-17 19:35:27,1508268924335,X,1501,1000, 0.88, 0.38,left, 1.0, 1.0,inperson,0,0,PB1h,91, 7.0, 20.0,7,false,combined,6,31,44,19,0,,
87,169284,vp18,5,2017-10-17 19:35:41,1508268936877,O,2604,1101, 0.73999999999999999, 0.40000000000000002,right, 1.0, 1.0,inperson,0,0,PB1h,101, -16.0, -38.0,0,false,combined,13,30,37,20,0,,
88,169285,vp18,6,2017-10-17 19:35:49,1508268944505,X,2911,1101, 0.64000000000000001, 0.92000000000000004,left, 1.0, 0.02,inperson,0,0,PB1h,101, -97.0, -70.0,-97,false,combined,19,0,31,1,0,,
89,169286,vp18,7,2017-10-17 19:35:56,1508268952445,O,1971,1101, 0.41999999999999998, 0.26000000000000001,left, 1.0, 0.40000000000000002,inperson,0,0,PB1h,101, -33.0, -60.0,0,false,combined,28,17,22,3,0,,
90,169287,vp18,8,2017-10-17 19:36:03,1508268959449,O,2643,1101, 0.95999999999999996, 0.59999999999999998,right, 1.0, 1.0,inperson,0,0,PB1h,101, -5.0, -25.0,0,false,combined,3,20,47,30,0,,
91,169288,vp18,9,2017-10-17 19:36:10,1508268967124,X,1948,1101, 0.40000000000000002, 0.80000000000000004,left, 0.10000000000000001, 1.0,inperson,0,0,PB1h,101, -87.0, -55.0,-87,false,combined,4,10,1,40,0,,
92,169289,vp18,10,2017-10-17 19:36:24,1508268980118,O,2365,1101, 0.47999999999999998, 0.40000000000000002,right, 1.0, 1.0,inperson,0,0,PB1h,0, -63.0, -13.0,0,false,combined,25,30,25,20,0,,
93,169290,vp18,11,2017-10-17 19:36:31,1508268987513,O,2187,1101, 0.71999999999999997, 0.059999999999999998,right, 1.0, 1.0,inperson,0,0,PB1h,0, -12.0, -134.0,0,false,combined,14,46,36,4,0,,
94,169291,vp18,12,2017-10-17 19:36:38,1508268994719,O,1937,1101, 0.44, 0.52000000000000002,left, 1.0, 0.02,inperson,0,0,PB1h,0, -68.0, -50.0,0,false,combined,26,0,24,1,0,,
95,169292,vp18,13,2017-10-17 19:36:45,1508269001676,X,1598,1101, 0.29999999999999999, 0.46000000000000002,left, 1.0, 0.10000000000000001,inperson,0,0,PB1h,0, -60.0, -50.0,-60,false,combined,35,3,15,2,0,,
96,169293,vp18,14,2017-10-17 19:36:52,1508269008306,X,1820,1101, 0.64000000000000001, 0.38,right, 0.20000000000000001, 1.0,inperson,0,0,PB1h,0, -60.0, -81.0,-81,false,combined,3,31,7,19,0,,
97,169294,vp18,15,2017-10-17 19:37:04,1508269021176,O,1753,1101, 0.95999999999999996, 0.59999999999999998,left, 1.0, 1.0,inperson,0,0,PB1h,0, 16.0, 8.0,0,false,combined,2,20,48,30,0,,
98,169295,vp18,16,2017-10-17 19:37:11,1508269027962,X,1346,1101, 0.35999999999999999, 0.92000000000000004,right, 0.059999999999999998, 1.0,inperson,0,0,PB1h,0, 98.0, 90.0,90,false,combined,1,4,2,46,0,,
99,169296,vp18,17,2017-10-17 19:37:17,1508269034326,O,1033,1101, 0.76000000000000001, 0.68000000000000005,left, 1.0, 0.02,inperson,0,0,PB1h,0, 88.0, 80.0,0,false,combined,12,1,38,0,0,,
100,169297,vp18,18,2017-10-17 19:37:23,1508269040379,X,1239,1101, 0.95999999999999996, 0.32000000000000001,left, 1.0, 1.0,inperson,0,0,PB1h,0, 15.0, 53.0,15,false,combined,3,33,47,17,0,,
101,169298,vp18,19,2017-10-17 19:37:31,1508269046649,X,2834,1101, 0.66000000000000003, 0.69999999999999996,left, 1.0, 1.0,inperson,0,0,PB1h,0, 22.0, 23.0,22,false,combined,17,15,33,35,0,,
102,169299,vp18,20,2017-10-17 19:37:43,1508269060534,X,1530,1101, 0.23999999999999999, 0.71999999999999997,right, 0.20000000000000001, 1.0,inperson,0,0,PB1h,0, 40.0, 7.0,7,false,combined,8,13,2,37,0,,
103,169300,vp18,21,2017-10-17 19:37:50,1508269067087,O,1480,1101, 0.47999999999999998, 0.40000000000000002,left, 1.0, 1.0,inperson,0,0,PB1h,0, 63.0, 13.0,0,false,combined,25,30,25,20,0,,
104,169301,vp18,22,2017-10-17 19:37:56,1508269073593,O,1173,1101, 0.28000000000000003, 0.66000000000000003,left, 1.0, 0.059999999999999998,inperson,0,0,PB1h,0, 88.0, 38.0,0,false,combined,36,1,14,2,0,,
105,169302,vp18,23,2017-10-17 19:38:03,1508269079785,X,1842,1101, 0.66000000000000003, 0.93999999999999995,left, 1.0, 1.0,inperson,0,0,PB1h,0, 15.0, 5.0,15,false,combined,18,2,32,48,0,,
106,169303,vp18,24,2017-10-17 19:38:09,1508269086648,X,1219,1101, 0.44, 0.44,right, 0.02, 1.0,inperson,0,0,PB1h,0, 11.0, 14.0,14,false,combined,0,27,1,23,0,,
107,169304,vp18,25,2017-10-17 19:38:22,1508269098910,X,1984,1101, 0.44, 0.59999999999999998,right, 1.0, 0.80000000000000004,inperson,0,0,PB1h,0, 68.0, 45.0,45,false,combined,27,20,23,30,0,,
108,169305,vp18,26,2017-10-17 19:38:29,1508269105914,O,1716,1101, 0.64000000000000001, 0.52000000000000002,right, 0.40000000000000002, 1.0,inperson,0,0,PB1h,0, 94.0, 100.0,0,false,combined,12,25,8,25,0,,
109,169306,vp18,27,2017-10-17 19:38:36,1508269112652,O,1499,1101, 0.26000000000000001, 0.20000000000000001,left, 1.0, 1.0,inperson,0,0,PB1h,0, 62.0, 134.0,0,false,combined,36,40,14,10,0,,
110,169307,vp18,28,2017-10-17 19:38:42,1508269119173,O,1278,1101, 0.22, 0.59999999999999998,right, 0.059999999999999998, 1.0,inperson,0,0,PB1h,0, 27.0, 15.0,0,false,combined,1,20,2,30,0,,
111,169308,vp18,29,2017-10-17 19:38:49,1508269125475,O,2513,1101, 0.76000000000000001, 0.88,left, 1.0, 1.0,inperson,0,0,PB1h,0, 39.0, 34.0,0,false,combined,13,6,37,44,0,,
112,169309,vp18,30,2017-10-17 19:39:03,1508269139031,X,2499,1101, 0.47999999999999998, 0.80000000000000004,right, 0.10000000000000001, 1.0,inperson,0,0,PB1h,0, -63.0, -8.0,-8,false,combined,3,10,2,40,0,,
113,169310,vp18,31,2017-10-17 19:39:11,1508269146550,X,2619,1101, 0.92000000000000004, 0.64000000000000001,left, 0.20000000000000001, 1.0,inperson,0,0,PB1h,0, -80.0, -97.0,-80,false,combined,1,18,9,32,0,,
114,169311,vp18,32,2017-10-17 19:39:17,1508269154194,X,1600,1101, 0.76000000000000001, 0.52000000000000002,right, 1.0, 1.0,inperson,0,0,PB1h,0, -42.0, -61.0,-61,false,combined,12,25,38,25,0,,
115,169312,vp18,33,2017-10-17 19:39:26,1508269160823,X,3291,1101, 0.64000000000000001, 0.92000000000000004,right, 1.0, 0.10000000000000001,inperson,0,0,PB1h,0, -98.0, -80.0,-80,false,combined,18,0,32,5,0,,
116,169313,vp18,34,2017-10-17 19:39:32,1508269169137,O,1775,1101, 0.22, 0.68000000000000005,left, 1.0, 0.20000000000000001,inperson,0,0,PB1h,0, -11.0, -8.0,0,false,combined,39,2,11,8,0,,
117,169314,vp18,35,2017-10-17 19:39:45,1508269181960,X,1698,1021, 0.35999999999999999, 0.28000000000000003,left, 1.0, 0.059999999999999998,inperson,0,0,PB1h,-80, 100.0, 84.0,100,false,combined,32,2,18,1,0,,
118,169315,vp18,36,2017-10-17 19:39:51,1508269188683,X,1333,1021, 0.44, 0.52000000000000002,left, 1.0, 0.20000000000000001,inperson,0,0,PB1h,-80, 68.0, 40.0,68,false,combined,26,8,24,2,0,,
119,169316,vp18,37,2017-10-17 19:39:58,1508269195048,O,1333,1021, 0.59999999999999998, 0.23999999999999999,left, 1.0, 0.40000000000000002,inperson,0,0,PB1h,-80, 7.0, 21.0,0,false,combined,20,13,30,7,0,,
120,169317,vp18,38,2017-10-17 19:40:05,1508269201412,O,1765,1021, 0.88, 0.59999999999999998,right, 1.0, 1.0,inperson,0,0,PB1h,-80, 17.0, 50.0,0,false,combined,6,21,44,29,0,,
121,169318,vp18,39,2017-10-17 19:40:11,1508269208198,X,1256,1021, 0.44, 0.52000000000000002,left, 1.0, 0.02,inperson,0,0,PB1h,-80, 68.0, 50.0,68,false,combined,26,0,24,1,0,,
122,169319,vp18,40,2017-10-17 19:40:23,1508269220507,X,1496,1089, 0.35999999999999999, 0.56000000000000005,right, 0.10000000000000001, 1.0,inperson,0,0,PB1h,68, 74.0, 98.0,98,false,combined,3,22,2,28,0,,
123,169320,vp18,41,2017-10-17 19:40:30,1508269227028,X,1150,1089, 0.92000000000000004, 0.68000000000000005,left, 1.0, 1.0,inperson,0,0,PB1h,68, 33.0, 7.0,33,false,combined,3,17,47,33,0,,
124,169321,vp18,42,2017-10-17 19:40:36,1508269233205,O,1167,1089, 0.62, 0.47999999999999998,left, 1.0, 0.80000000000000004,inperson,0,0,PB1h,68, 13.0, 9.0,0,false,combined,18,22,32,18,0,,
125,169322,vp18,43,2017-10-17 19:40:42,1508269239398,X,1366,1089, 0.38, 0.35999999999999999,left, 1.0, 0.059999999999999998,inperson,0,0,PB1h,68, 40.0, 51.0,40,false,combined,31,2,19,1,0,,
126,169323,vp18,44,2017-10-17 19:40:50,1508269245826,X,2451,1089, 0.5, 0.47999999999999998,left, 0.80000000000000004, 1.0,inperson,0,0,PB1h,68, 38.0, 45.0,38,false,combined,20,26,20,24,0,,
127,169324,vp18,45,2017-10-17 19:41:03,1508269259320,X,2039,1127, 0.62, 0.90000000000000002,left, 1.0, 0.80000000000000004,inperson,0,0,PB1h,38, -55.0, -100.0,-55,false,combined,19,6,31,34,0,,
128,169325,vp18,46,2017-10-17 19:41:09,1508269266386,O,1085,1127, 0.68000000000000005, 0.22,left, 1.0, 0.02,inperson,0,0,PB1h,38, -7.0, -45.0,0,false,combined,16,1,34,0,0,,
129,169326,vp18,47,2017-10-17 19:41:16,1508269272501,X,1892,1127, 0.95999999999999996, 0.68000000000000005,left, 0.40000000000000002, 1.0,inperson,0,0,PB1h,38, -9.0, -18.0,-9,false,combined,0,17,20,33,0,,
130,169327,vp18,48,2017-10-17 19:41:23,1508269279412,X,1782,1127, 0.64000000000000001, 0.29999999999999999,right, 1.0, 0.40000000000000002,inperson,0,0,PB1h,38, -16.0, -46.0,-46,false,combined,18,15,32,5,0,,
131,169328,vp18,49,2017-10-17 19:41:30,1508269286213,X,2090,1127, 0.59999999999999998, 0.40000000000000002,right, 0.10000000000000001, 1.0,inperson,0,0,PB1h,38, -35.0, -47.0,-47,false,combined,2,30,3,20,0,,
132,169329,vp18,50,2017-10-17 19:41:56,1508269311639,X,2706,1127, 0.59999999999999998, 0.23999999999999999,right, 1.0, 0.40000000000000002,inperson,0,0,PB1h,0, -7.0, -21.0,-21,false,combined,20,13,30,7,0,,
133,169330,vp18,51,2017-10-17 19:42:03,1508269319377,X,2065,1127, 0.35999999999999999, 0.28000000000000003,left, 1.0, 0.059999999999999998,inperson,0,0,PB1h,0, -100.0, -84.0,-100,false,combined,32,2,18,1,0,,
134,169331,vp18,52,2017-10-17 19:42:10,1508269326475,X,2585,1127, 0.12, 0.88,right, 0.059999999999999998, 1.0,inperson,0,0,PB1h,0, -100.0, -60.0,-60,false,combined,2,7,1,43,0,,
135,169332,vp18,53,2017-10-17 19:42:17,1508269334087,X,1300,1127, 0.28000000000000003, 0.35999999999999999,right, 0.02, 1.0,inperson,0,0,PB1h,0, -100.0, -74.0,-74,false,combined,0,32,1,18,0,,
136,169333,vp18,54,2017-10-17 19:42:23,1508269340405,X,1360,1127, 0.35999999999999999, 0.59999999999999998,left, 1.0, 1.0,inperson,0,0,PB1h,0, -72.0, -60.0,-72,false,combined,31,20,19,30,0,,
137,169334,vp18,55,2017-10-17 19:42:36,1508269352806,O,1587,1027, 0.47999999999999998, 0.62,left, 0.20000000000000001, 1.0,inperson,0,0,PB1h,-100, -9.0, -13.0,0,false,combined,5,20,5,30,0,,
138,169335,vp18,56,2017-10-17 19:42:43,1508269359421,X,1960,1027, 0.56000000000000005, 0.88,right, 1.0, 1.0,inperson,0,0,PB1h,-100, -114.0, -78.0,-78,false,combined,22,6,28,44,0,,
139,169336,vp18,57,2017-10-17 19:42:50,1508269366409,X,1745,1027, 0.95999999999999996, 0.47999999999999998,right, 1.0, 1.0,inperson,0,0,PB1h,-100, -31.0, -31.0,-31,false,combined,3,25,47,25,0,,
140,169337,vp18,58,2017-10-17 19:42:57,1508269373179,O,2104,1027, 0.5, 0.47999999999999998,right, 0.80000000000000004, 1.0,inperson,0,0,PB1h,-100, -38.0, -45.0,0,false,combined,20,26,20,24,0,,
141,169338,vp18,59,2017-10-17 19:43:04,1508269380308,X,2501,1027, 0.56000000000000005, 0.40000000000000002,left, 0.80000000000000004, 1.0,inperson,0,0,PB1h,-100, -25.0, -56.0,-25,false,combined,19,30,21,20,0,,
142,169339,vp18,60,2017-10-17 19:43:17,1508269393848,X,2112,1027, 0.64000000000000001, 0.38,left, 0.20000000000000001, 1.0,inperson,0,0,PB1h,0, 60.0, 81.0,60,false,combined,3,31,7,19,0,,
143,169340,vp18,61,2017-10-17 19:43:25,1508269400977,X,2179,1027, 0.68000000000000005, 0.22,left, 0.40000000000000002, 1.0,inperson,0,0,PB1h,0, 4.0, 11.0,4,false,combined,5,39,15,11,0,,
144,169341,vp18,62,2017-10-17 19:43:31,1508269408185,O,1636,1027, 0.92000000000000004, 0.64000000000000001,right, 0.20000000000000001, 1.0,inperson,0,0,PB1h,0, 80.0, 97.0,0,false,combined,1,18,9,32,0,,
145,169342,vp18,63,2017-10-17 19:43:38,1508269414845,X,2260,1027, 0.10000000000000001, 0.56000000000000005,right, 1.0, 0.10000000000000001,inperson,0,0,PB1h,0, 33.0, 20.0,20,false,combined,46,1,4,4,0,,
146,169343,vp18,64,2017-10-17 19:43:45,1508269422130,X,1573,1027, 0.80000000000000004, 0.68000000000000005,right, 1.0, 1.0,inperson,0,0,PB1h,0, 19.0, 48.0,48,false,combined,10,16,40,34,0,,
147,169344,vp18,65,2017-10-17 19:43:58,1508269434749,X,2263,1031, 0.62, 0.73999999999999999,left, 1.0, 0.40000000000000002,inperson,0,0,PB1h,4, 48.0, 51.0,48,false,combined,20,5,30,15,0,,
148,169345,vp18,66,2017-10-17 19:44:05,1508269442035,X,1651,1031, 0.29999999999999999, 0.5,left, 0.80000000000000004, 1.0,inperson,0,0,PB1h,4, 39.0, 42.0,39,false,combined,25,25,15,25,0,,
149,169346,vp18,67,2017-10-17 19:44:12,1508269448711,O,1929,1031, 0.32000000000000001, 0.44,right, 1.0, 1.0,inperson,0,0,PB1h,4, 39.0, 42.0,0,false,combined,34,27,16,23,0,,
150,169347,vp18,68,2017-10-17 19:44:19,1508269455668,X,1770,1031, 0.76000000000000001, 0.52000000000000002,left, 1.0, 1.0,inperson,0,0,PB1h,4, 42.0, 61.0,42,false,combined,12,25,38,25,0,,
151,169348,vp18,69,2017-10-17 19:44:25,1508269462469,X,1346,1031, 0.81999999999999995, 0.32000000000000001,left, 1.0, 1.0,inperson,0,0,PB1h,4, 37.0, 115.0,37,false,combined,10,33,40,17,0,,
152,169349,vp18,70,2017-10-17 19:44:38,1508269474859,X,2273,1031, 0.83999999999999997, 0.88,right, 1.0, 1.0,inperson,0,0,PB1h,0, -74.0, -60.0,-60,false,combined,8,7,42,43,0,,
153,169350,vp18,71,2017-10-17 19:44:45,1508269482156,X,1402,1031, 0.73999999999999999, 0.38,left, 1.0, 1.0,inperson,0,0,PB1h,0, -28.0, -40.0,-28,false,combined,13,31,37,19,0,,
154,169351,vp18,72,2017-10-17 19:44:51,1508269488583,X,1562,1031, 0.88, 0.12,left, 1.0, 0.02,inperson,0,0,PB1h,0, -17.0, -100.0,-17,false,combined,6,0,44,1,0,,
155,169352,vp18,73,2017-10-17 19:45:00,1508269495166,O,3127,1031, 0.90000000000000002, 0.44,left, 0.02, 1.0,inperson,0,0,PB1h,0, -20.0, -25.0,0,false,combined,1,26,0,24,0,,
156,169353,vp18,74,2017-10-17 19:45:06,1508269503324,X,1407,1031, 0.76000000000000001, 0.64000000000000001,left, 1.0, 1.0,inperson,0,0,PB1h,0, -78.0, -101.0,-78,false,combined,13,17,37,33,0,,
157,169354,vp18,75,2017-10-17 19:45:19,1508269515773,O,1852,1031, 0.28000000000000003, 0.62,right, 1.0, 1.0,inperson,0,0,PB1h,0, 106.0, 44.0,0,false,combined,36,18,14,32,0,,
158,169355,vp18,76,2017-10-17 19:45:25,1508269522652,O,1410,1031, 0.5, 0.5,left, 1.0, 1.0,inperson,0,0,PB1h,0, 11.0, 19.0,0,false,combined,24,26,26,24,0,,
159,169356,vp18,77,2017-10-17 19:45:32,1508269529095,O,1400,1031, 0.47999999999999998, 0.56000000000000005,left, 1.0, 0.02,inperson,0,0,PB1h,0, 125.0, 80.0,0,false,combined,27,0,23,1,0,,
160,169357,vp18,78,2017-10-17 19:45:38,1508269535522,X,1218,1031, 0.73999999999999999, 0.40000000000000002,left, 1.0, 1.0,inperson,0,0,PB1h,0, 16.0, 38.0,16,false,combined,13,30,37,20,0,,
161,169358,vp18,79,2017-10-17 19:45:44,1508269541762,X,1007,1031, 0.64000000000000001, 0.92000000000000004,left, 1.0, 0.02,inperson,0,0,PB1h,0, 97.0, 70.0,97,false,combined,19,0,31,1,0,,
162,169359,vp18,80,2017-10-17 19:45:58,1508269553820,X,2422,1031, 0.68000000000000005, 0.83999999999999997,left, 0.40000000000000002, 1.0,inperson,0,0,PB1h,0, -91.0, -84.0,-91,false,combined,7,8,13,42,0,,
163,169360,vp18,81,2017-10-17 19:46:04,1508269561260,O,1409,1031, 0.44, 0.52000000000000002,right, 1.0, 0.20000000000000001,inperson,0,0,PB1h,0, -68.0, -40.0,0,false,combined,26,8,24,2,0,,
164,169361,vp18,82,2017-10-17 19:46:11,1508269567687,X,2163,1031, 0.92000000000000004, 0.76000000000000001,left, 0.40000000000000002, 1.0,inperson,0,0,PB1h,0, -74.0, -78.0,-74,false,combined,1,12,19,38,0,,
165,169362,vp18,83,2017-10-17 19:46:19,1508269574879,X,2656,1031, 0.88, 0.93999999999999995,left, 1.0, 1.0,inperson,0,0,PB1h,0, -30.0, -29.0,-30,false,combined,6,4,44,46,0,,
166,169363,vp18,84,2017-10-17 19:46:26,1508269582554,O,2234,1031, 0.88, 0.38,right, 1.0, 1.0,inperson,0,0,PB1h,0, -7.0, -20.0,0,false,combined,6,31,44,19,0,,
167,169364,vp18,85,2017-10-17 19:46:39,1508269595830,X,2057,940, 0.35999999999999999, 0.59999999999999998,right, 1.0, 1.0,inperson,0,0,PB1h,-91, 72.0, 60.0,60,false,combined,31,20,19,30,0,,
168,169365,vp18,86,2017-10-17 19:46:46,1508269602912,X,1613,940, 0.88, 0.93999999999999995,left, 1.0, 1.0,inperson,0,0,PB1h,-91, 30.0, 29.0,30,false,combined,6,4,44,46,0,,
169,169366,vp18,87,2017-10-17 19:46:52,1508269609558,O,1388,940, 0.83999999999999997, 0.32000000000000001,left, 1.0, 1.0,inperson,0,0,PB1h,-91, 18.0, 47.0,0,false,combined,8,33,42,17,0,,
170,169367,vp18,88,2017-10-17 19:46:59,1508269615968,X,1488,940, 0.29999999999999999, 0.88,right, 1.0, 0.80000000000000004,inperson,0,0,PB1h,-91, 94.0, 75.0,75,false,combined,41,15,9,25,0,,
171,169368,vp18,89,2017-10-17 19:47:05,1508269622489,X,1418,940, 0.23999999999999999, 0.93999999999999995,right, 1.0, 1.0,inperson,0,0,PB1h,-91, 116.0, 42.0,42,false,combined,37,4,13,46,0,,
172,169369,vp18,90,2017-10-17 19:47:18,1508269634953,O,1504,970, 0.44, 0.90000000000000002,left, 1.0, 0.059999999999999998,inperson,0,0,PB1h,30, 25.0, 16.0,0,false,combined,26,1,24,2,0,,
173,169370,vp18,91,2017-10-17 19:47:25,1508269641489,X,1781,970, 0.16, 0.40000000000000002,right, 1.0, 1.0,inperson,0,0,PB1h,30, 31.0, 75.0,75,false,combined,42,30,8,20,0,,
174,169371,vp18,92,2017-10-17 19:47:32,1508269648290,X,1961,970, 0.83999999999999997, 0.88,left, 1.0, 1.0,inperson,0,0,PB1h,30, 74.0, 60.0,74,false,combined,8,7,42,43,0,,
175,169372,vp18,93,2017-10-17 19:47:38,1508269655278,X,1126,970, 0.64000000000000001, 0.92000000000000004,left, 1.0, 0.10000000000000001,inperson,0,0,PB1h,30, 98.0, 80.0,98,false,combined,18,0,32,5,0,,
176,169373,vp18,94,2017-10-17 19:47:44,1508269661425,X,1515,970, 0.52000000000000002, 0.28000000000000003,left, 1.0, 1.0,inperson,0,0,PB1h,30, 25.0, 55.0,25,false,combined,24,36,26,14,0,,
177,169374,vp18,95,2017-10-17 19:47:57,1508269673982,X,2090,1044, 0.57999999999999996, 0.59999999999999998,right, 0.059999999999999998, 1.0,inperson,0,0,PB1h,74, -16.0, -15.0,-15,false,combined,0,20,3,30,0,,
178,169375,vp18,96,2017-10-17 19:48:04,1508269681096,O,2022,1044, 0.64000000000000001, 0.52000000000000002,left, 0.40000000000000002, 1.0,inperson,0,0,PB1h,74, -94.0, -100.0,0,false,combined,12,25,8,25,0,,
179,169376,vp18,97,2017-10-17 19:48:11,1508269688146,O,1400,1044, 0.29999999999999999, 0.88,left, 1.0, 0.80000000000000004,inperson,0,0,PB1h,74, -94.0, -75.0,0,false,combined,41,15,9,25,0,,
180,169377,vp18,98,2017-10-17 19:48:18,1508269694573,X,1599,1044, 0.56000000000000005, 0.68000000000000005,left, 1.0, 1.0,inperson,0,0,PB1h,74, -9.0, -22.0,-9,false,combined,22,16,28,34,0,,
181,169378,vp18,99,2017-10-17 19:48:24,1508269701203,X,1331,1044, 0.68000000000000005, 0.22,right, 0.40000000000000002, 1.0,inperson,0,0,PB1h,74, -4.0, -11.0,-11,false,combined,5,39,15,11,0,,
182,169379,vp18,100,2017-10-17 19:48:46,1508269722463,X,2603,1033, 0.64000000000000001, 0.38,left, 0.02, 1.0,inperson,0,0,PB1h,-11, -50.0, -81.0,-50,false,combined,1,31,0,19,0,,
183,169380,vp18,101,2017-10-17 19:48:53,1508269730093,O,1532,1033, 0.040000000000000001, 0.47999999999999998,left, 1.0, 1.0,inperson,0,0,PB1h,-11, -125.0, -63.0,0,false,combined,48,25,2,25,0,,
184,169381,vp18,102,2017-10-17 19:48:59,1508269736645,O,1259,1033, 0.83999999999999997, 0.23999999999999999,right, 1.0, 1.0,inperson,0,0,PB1h,-11, -36.0, -21.0,0,false,combined,9,37,41,13,0,,
185,169382,vp18,103,2017-10-17 19:49:07,1508269742931,X,2235,1033, 0.68000000000000005, 0.95999999999999996,left, 1.0, 1.0,inperson,0,0,PB1h,-11, -7.0, -5.0,-7,false,combined,16,2,34,48,0,,
186,169383,vp18,104,2017-10-17 19:49:13,1508269750185,O,1537,1033, 0.44, 0.44,left, 0.02, 1.0,inperson,0,0,PB1h,-11, -11.0, -14.0,0,false,combined,0,27,1,23,0,,
187,169384,vp18,105,2017-10-17 19:49:26,1508269762773,O,1770,1033, 0.56000000000000005, 0.40000000000000002,left, 0.80000000000000004, 1.0,inperson,0,0,PB1h,0, 25.0, 56.0,0,false,combined,19,30,21,20,0,,
188,169385,vp18,106,2017-10-17 19:49:32,1508269769576,X,1023,1033, 0.88, 0.29999999999999999,left, 1.0, 0.20000000000000001,inperson,0,0,PB1h,0, 26.0, 73.0,26,false,combined,6,5,44,5,0,,
189,169386,vp18,107,2017-10-17 19:49:38,1508269775628,X,1461,1033, 0.44, 0.71999999999999997,right, 1.0, 1.0,inperson,0,0,PB1h,0, 11.0, 42.0,42,false,combined,27,13,23,37,0,,
190,169387,vp18,108,2017-10-17 19:49:45,1508269782118,O,1273,1033, 0.64000000000000001, 0.68000000000000005,left, 1.0, 1.0,inperson,0,0,PB1h,0, 23.0, 7.0,0,false,combined,17,16,33,34,0,,
191,169388,vp18,109,2017-10-17 19:49:52,1508269788420,X,1932,1033, 0.71999999999999997, 0.80000000000000004,left, 1.0, 1.0,inperson,0,0,PB1h,0, 47.0, 24.0,47,false,combined,13,11,37,39,0,,
192,169389,vp18,110,2017-10-17 19:50:04,1508269801398,O,1435,1075, 0.88, 0.16,right, 0.20000000000000001, 1.0,inperson,0,0,PB1h,42, -45.0, -94.0,0,false,combined,3,41,7,9,0,,
193,169390,vp18,111,2017-10-17 19:50:10,1508269807857,X,1180,1075, 0.81999999999999995, 0.20000000000000001,right, 1.0, 1.0,inperson,0,0,PB1h,42, -37.0, -100.0,-100,false,combined,10,39,40,11,0,,
194,169391,vp18,112,2017-10-17 19:50:18,1508269814065,O,2091,1075, 0.85999999999999999, 0.41999999999999998,left, 1.0, 0.20000000000000001,inperson,0,0,PB1h,42, -20.0, -44.0,0,false,combined,7,1,43,9,0,,
195,169392,vp18,113,2017-10-17 19:50:25,1508269821179,X,2430,1075, 0.83999999999999997, 0.41999999999999998,left, 1.0, 1.0,inperson,0,0,PB1h,42, -7.0, -14.0,-7,false,combined,9,27,41,23,0,,
196,169393,vp18,114,2017-10-17 19:50:32,1508269828635,O,1825,1075, 0.47999999999999998, 0.23999999999999999,right, 1.0, 1.0,inperson,0,0,PB1h,42, -11.0, -14.0,0,false,combined,26,37,24,13,0,,
197,169394,vp18,115,2017-10-17 19:50:44,1508269841505,X,1572,1075, 0.62, 0.90000000000000002,right, 1.0, 0.80000000000000004,inperson,0,0,PB1h,0, 55.0, 100.0,100,false,combined,19,6,31,34,0,,
198,169395,vp18,116,2017-10-17 19:50:51,1508269848103,X,1237,1075, 0.95999999999999996, 0.47999999999999998,left, 1.0, 1.0,inperson,0,0,PB1h,0, 31.0, 31.0,31,false,combined,3,25,47,25,0,,
199,169396,vp18,117,2017-10-17 19:50:57,1508269854358,X,1699,1075, 0.69999999999999996, 0.56000000000000005,right, 1.0, 1.0,inperson,0,0,PB1h,0, 5.0, 12.0,12,false,combined,14,22,36,28,0,,
200,169397,vp18,118,2017-10-17 19:51:04,1508269861082,O,1459,1075, 0.64000000000000001, 0.38,right, 0.02, 1.0,inperson,0,0,PB1h,0, 50.0, 81.0,0,false,combined,1,31,0,19,0,,
201,169398,vp18,119,2017-10-17 19:51:10,1508269867572,X,1154,1075, 0.83999999999999997, 0.41999999999999998,left, 1.0, 1.0,inperson,0,0,PB1h,0, 7.0, 14.0,7,false,combined,9,27,41,23,0,,
202,169399,vp18,120,2017-10-17 19:51:23,1508269879770,O,1965,1082, 0.44, 0.64000000000000001,right, 1.0, 0.059999999999999998,inperson,0,0,PB1h,7, -11.0, -8.0,0,false,combined,27,1,23,2,0,,
203,169400,vp18,121,2017-10-17 19:51:30,1508269886758,X,2283,1082, 0.64000000000000001, 0.68000000000000005,right, 1.0, 1.0,inperson,0,0,PB1h,7, -97.0, -86.0,-86,false,combined,18,16,32,34,0,,
204,169401,vp18,122,2017-10-17 19:51:37,1508269894059,X,1365,1082, 0.76000000000000001, 0.92000000000000004,left, 0.10000000000000001, 1.0,inperson,0,0,PB1h,7, -8.0, -12.0,-8,false,combined,1,4,4,46,0,,
205,169402,vp18,123,2017-10-17 19:51:43,1508269900454,X,1567,1082, 0.88, 0.59999999999999998,right, 1.0, 1.0,inperson,0,0,PB1h,7, -17.0, -50.0,-50,false,combined,6,21,44,29,0,,
206,169403,vp18,124,2017-10-17 19:51:52,1508269907053,X,3134,1082, 0.5, 0.5,left, 1.0, 1.0,inperson,0,0,PB1h,7, -11.0, -19.0,-11,false,combined,24,26,26,24,0,,
207,169404,vp18,125,2017-10-17 19:52:05,1508269921232,X,1990,1071, 0.68000000000000005, 0.95999999999999996,left, 1.0, 1.0,inperson,0,0,PB1h,-11, 7.0, 5.0,7,false,combined,16,2,34,48,0,,
208,169405,vp18,126,2017-10-17 19:52:12,1508269928252,X,1960,1071, 0.92000000000000004, 0.76000000000000001,right, 0.40000000000000002, 1.0,inperson,0,0,PB1h,-11, 74.0, 78.0,78,false,combined,1,12,19,38,0,,
209,169406,vp18,127,2017-10-17 19:52:18,1508269935241,X,1428,1071, 0.57999999999999996, 0.59999999999999998,right, 0.059999999999999998, 1.0,inperson,0,0,PB1h,-11, 16.0, 15.0,15,false,combined,0,20,3,30,0,,
210,169407,vp18,128,2017-10-17 19:52:26,1508269941700,O,2498,1071, 0.28000000000000003, 0.35999999999999999,left, 0.02, 1.0,inperson,0,0,PB1h,-11, 100.0, 74.0,0,false,combined,0,32,1,18,0,,
211,169408,vp18,129,2017-10-17 19:52:32,1508269949219,X,1472,1071, 0.52000000000000002, 0.64000000000000001,left, 1.0, 0.20000000000000001,inperson,0,0,PB1h,-11, 115.0, 94.0,115,false,combined,24,3,26,7,0,,
212,169409,vp18,130,2017-10-17 19:52:45,1508269961762,X,2116,1078, 0.93999999999999995, 0.64000000000000001,right, 1.0, 1.0,inperson,0,0,PB1h,7, -39.0, -52.0,-52,false,combined,3,18,47,32,0,,
213,169410,vp18,131,2017-10-17 19:52:52,1508269968907,O,1470,1078, 0.35999999999999999, 0.66000000000000003,right, 0.02, 1.0,inperson,0,0,PB1h,7, -45.0, -21.0,0,false,combined,1,16,0,34,0,,
214,169411,vp18,132,2017-10-17 19:52:59,1508269975396,X,1848,1078, 0.80000000000000004, 0.52000000000000002,left, 1.0, 1.0,inperson,0,0,PB1h,7, -11.0, -31.0,-11,false,combined,11,24,39,26,0,,
215,169412,vp18,133,2017-10-17 19:53:05,1508269982275,O,1569,1078, 0.28000000000000003, 0.40000000000000002,left, 1.0, 1.0,inperson,0,0,PB1h,7, -11.0, -16.0,0,false,combined,37,29,13,21,0,,
216,169413,vp18,134,2017-10-17 19:53:12,1508269988874,X,1708,1078, 0.80000000000000004, 0.56000000000000005,right, 1.0, 1.0,inperson,0,0,PB1h,7, -38.0, -27.0,-27,false,combined,10,23,40,27,0,,
217,169414,vp18,135,2017-10-17 19:53:25,1508270001634,X,1612,1078, 0.83999999999999997, 0.92000000000000004,left, 1.0, 1.0,inperson,0,0,PB1h,0, 6.0, 5.0,6,false,combined,8,4,42,46,0,,
218,169415,vp18,136,2017-10-17 19:53:31,1508270008279,X,1595,1078, 0.88, 0.16,left, 1.0, 1.0,inperson,0,0,PB1h,0, 34.0, 94.0,34,false,combined,7,41,43,9,0,,
219,169416,vp18,137,2017-10-17 19:53:38,1508270014893,O,1555,1078, 0.59999999999999998, 0.34000000000000002,left, 0.20000000000000001, 1.0,inperson,0,0,PB1h,0, 54.0, 74.0,0,false,combined,5,31,5,19,0,,
220,169417,vp18,138,2017-10-17 19:53:45,1508270021476,O,2228,1078, 0.26000000000000001, 0.47999999999999998,right, 1.0, 1.0,inperson,0,0,PB1h,0, 8.0, 9.0,0,false,combined,37,25,13,25,0,,
221,169418,vp18,139,2017-10-17 19:53:51,1508270028730,O,1166,1078, 0.68000000000000005, 0.22,left, 1.0, 0.02,inperson,0,0,PB1h,0, 7.0, 45.0,0,false,combined,16,1,34,0,0,,
222,169419,vp18,140,2017-10-17 19:54:04,1508270040944,O,1285,1112, 0.52000000000000002, 0.92000000000000004,left, 1.0, 0.40000000000000002,inperson,0,0,PB1h,34, 115.0, 5.0,0,false,combined,23,3,27,17,0,,
223,169420,vp18,141,2017-10-17 19:54:10,1508270047262,X,1473,1112, 0.76000000000000001, 0.56000000000000005,left, 1.0, 1.0,inperson,0,0,PB1h,34, 77.0, 118.0,77,false,combined,12,23,38,27,0,,
224,169421,vp18,142,2017-10-17 19:54:17,1508270053767,X,1946,1112, 0.85999999999999999, 0.92000000000000004,left, 1.0, 1.0,inperson,0,0,PB1h,34, 29.0, 25.0,29,false,combined,6,4,44,46,0,,
225,169422,vp18,143,2017-10-17 19:54:24,1508270060740,X,1979,1112, 0.68000000000000005, 0.83999999999999997,right, 0.40000000000000002, 1.0,inperson,0,0,PB1h,34, 91.0, 84.0,84,false,combined,7,8,13,42,0,,
226,169423,vp18,144,2017-10-17 19:54:32,1508270067744,O,3326,1112, 0.44, 0.47999999999999998,left, 1.0, 1.0,inperson,0,0,PB1h,34, 144.0, 114.0,0,false,combined,28,26,22,24,0,,
227,169424,vp18,145,2017-10-17 19:54:46,1508270082111,X,2150,1141, 0.76000000000000001, 0.56000000000000005,left, 1.0, 1.0,inperson,0,0,PB1h,29, -77.0, -118.0,-77,false,combined,12,23,38,27,0,,
228,169425,vp18,146,2017-10-17 19:54:53,1508270089287,O,2341,1141, 0.47999999999999998, 0.59999999999999998,right, 1.0, 1.0,inperson,0,0,PB1h,29, -138.0, -106.0,0,false,combined,25,21,25,29,0,,
229,169426,vp18,147,2017-10-17 19:55:01,1508270096650,O,3070,1141, 0.76000000000000001, 0.68000000000000005,right, 1.0, 0.20000000000000001,inperson,0,0,PB1h,29, -84.0, -95.0,0,false,combined,12,5,38,5,0,,
230,169427,vp18,148,2017-10-17 19:55:09,1508270104746,X,2506,1141, 0.68000000000000005, 0.59999999999999998,left, 0.059999999999999998, 1.0,inperson,0,0,PB1h,29, -74.0, -88.0,-74,false,combined,1,20,2,30,0,,
231,169428,vp18,149,2017-10-17 19:55:15,1508270112281,O,1610,1141, 0.10000000000000001, 0.56000000000000005,left, 1.0, 0.10000000000000001,inperson,0,0,PB1h,29, -33.0, -20.0,0,false,combined,46,1,4,4,0,,
232,169429,vp18,150,2017-10-17 19:55:41,1508270136784,X,2995,1141, 0.64000000000000001, 0.68000000000000005,right, 1.0, 1.0,inperson,0,0,PB1h,0, -23.0, -7.0,-7,false,combined,17,16,33,34,0,,
233,169430,vp18,151,2017-10-17 19:55:48,1508270144805,X,1352,1141, 0.92000000000000004, 0.68000000000000005,right, 1.0, 1.0,inperson,0,0,PB1h,0, -33.0, -7.0,-7,false,combined,3,17,47,33,0,,
234,169431,vp18,152,2017-10-17 19:55:54,1508270151185,O,1856,1141, 0.080000000000000002, 0.52000000000000002,left, 1.0, 0.10000000000000001,inperson,0,0,PB1h,0, -63.0, -58.0,0,false,combined,45,2,5,3,0,,
235,169432,vp18,153,2017-10-17 19:56:01,1508270158064,X,1842,1141, 0.64000000000000001, 0.16,right, 1.0, 0.40000000000000002,inperson,0,0,PB1h,0, -47.0, -99.0,-99,false,combined,19,17,31,3,0,,
236,169433,vp18,154,2017-10-17 19:56:09,1508270164928,X,2397,1141, 0.20000000000000001, 0.38,right, 1.0, 1.0,inperson,0,0,PB1h,0, -118.0, -32.0,-32,false,combined,39,31,11,19,0,,
237,169434,vp18,155,2017-10-17 19:56:22,1508270178374,O,1798,1042, 0.47999999999999998, 0.59999999999999998,left, 1.0, 1.0,inperson,0,0,PB1h,-99, 138.0, 106.0,0,false,combined,25,21,25,29,0,,
238,169435,vp18,156,2017-10-17 19:56:28,1508270185191,O,1506,1042, 0.56000000000000005, 0.47999999999999998,right, 0.10000000000000001, 1.0,inperson,0,0,PB1h,-99, 30.0, 63.0,0,false,combined,3,26,2,24,0,,
239,169436,vp18,157,2017-10-17 19:56:35,1508270191728,X,1495,1042, 0.76000000000000001, 0.83999999999999997,left, 1.0, 0.80000000000000004,inperson,0,0,PB1h,-99, 67.0, 66.0,67,false,combined,12,9,38,31,0,,
240,169437,vp18,158,2017-10-17 19:56:41,1508270198248,O,1679,1042, 0.76000000000000001, 0.56000000000000005,right, 1.0, 1.0,inperson,0,0,PB1h,-99, 30.0, 48.0,0,false,combined,12,22,38,28,0,,
241,169438,vp18,159,2017-10-17 19:56:48,1508270204956,X,1199,1042, 0.68000000000000005, 0.83999999999999997,right, 0.40000000000000002, 1.0,inperson,0,0,PB1h,-99, 101.0, 82.0,82,false,combined,5,8,15,42,0,,
242,169439,vp18,160,2017-10-17 19:57:01,1508270217201,X,2563,1042, 0.83999999999999997, 0.92000000000000004,right, 1.0, 1.0,inperson,0,0,PB1h,0, -6.0, -5.0,-5,false,combined,8,4,42,46,0,,
243,169440,vp18,161,2017-10-17 19:57:08,1508270224782,O,1519,1042, 0.88, 0.16,right, 0.02, 1.0,inperson,0,0,PB1h,0, -60.0, -94.0,0,false,combined,0,42,1,8,0,,
244,169441,vp18,162,2017-10-17 19:57:14,1508270231334,O,1640,1042, 0.95999999999999996, 0.32000000000000001,right, 1.0, 1.0,inperson,0,0,PB1h,0, -15.0, -53.0,0,false,combined,3,33,47,17,0,,
245,169442,vp18,163,2017-10-17 19:57:21,1508270237995,O,1342,1042, 0.71999999999999997, 0.5,right, 0.10000000000000001, 1.0,inperson,0,0,PB1h,0, -40.0, -50.0,0,false,combined,1,25,4,25,0,,
246,169443,vp18,164,2017-10-17 19:57:27,1508270244360,O,1452,1042, 0.47999999999999998, 0.56000000000000005,left, 1.0, 0.02,inperson,0,0,PB1h,0, -125.0, -80.0,0,false,combined,27,0,23,1,0,,
247,169444,vp18,165,2017-10-17 19:57:40,1508270256854,X,1429,1037, 0.81999999999999995, 0.20000000000000001,left, 1.0, 1.0,inperson,0,0,PB1h,-5, 37.0, 100.0,37,false,combined,10,39,40,11,0,,
248,169445,vp18,166,2017-10-17 19:57:47,1508270263313,X,1840,1037, 0.76000000000000001, 0.80000000000000004,right, 1.0, 1.0,inperson,0,0,PB1h,-5, 39.0, 75.0,75,false,combined,12,9,38,41,0,,
249,169446,vp18,167,2017-10-17 19:57:54,1508270270176,O,2502,1037, 0.44, 0.52000000000000002,left, 1.0, 1.0,inperson,0,0,PB1h,-5, 136.0, 29.0,0,false,combined,28,24,22,26,0,,
250,169447,vp18,168,2017-10-17 19:58:00,1508270277711,X,1023,1037, 0.40000000000000002, 0.80000000000000004,right, 0.10000000000000001, 1.0,inperson,0,0,PB1h,-5, 87.0, 55.0,55,false,combined,4,10,1,40,0,,
251,169448,vp18,169,2017-10-17 19:58:07,1508270283763,X,1376,1037, 0.32000000000000001, 0.90000000000000002,right, 1.0, 0.80000000000000004,inperson,0,0,PB1h,-5, 85.0, 70.0,70,false,combined,33,6,17,34,0,,
252,169449,vp18,170,2017-10-17 19:58:19,1508270296180,O,1551,1037, 0.64000000000000001, 0.29999999999999999,left, 1.0, 0.40000000000000002,inperson,0,0,PB1h,0, 16.0, 46.0,0,false,combined,18,15,32,5,0,,
253,169450,vp18,171,2017-10-17 19:58:26,1508270302764,O,1451,1037, 0.76000000000000001, 0.80000000000000004,left, 1.0, 1.0,inperson,0,0,PB1h,0, 96.0, 86.0,0,false,combined,12,10,38,40,0,,
254,169451,vp18,172,2017-10-17 19:58:34,1508270309238,O,3665,1037, 0.32000000000000001, 0.35999999999999999,right, 1.0, 1.0,inperson,0,0,PB1h,0, 29.0, 48.0,0,false,combined,33,32,17,18,0,,
255,169452,vp18,173,2017-10-17 19:58:40,1508270317927,X,1125,1037, 0.12, 0.88,right, 0.059999999999999998, 1.0,inperson,0,0,PB1h,0, 100.0, 60.0,60,false,combined,2,7,1,43,0,,
256,169453,vp18,174,2017-10-17 19:58:47,1508270324073,X,1285,1037, 0.80000000000000004, 0.56000000000000005,left, 1.0, 1.0,inperson,0,0,PB1h,0, 38.0, 27.0,38,false,combined,10,23,40,27,0,,
257,169454,vp18,175,2017-10-17 19:59:00,1508270336397,X,2083,1097, 0.28000000000000003, 0.68000000000000005,left, 1.0, 1.0,inperson,0,0,PB1h,60, -62.0, -22.0,-62,false,combined,37,15,13,35,0,,
258,169455,vp18,176,2017-10-17 19:59:07,1508270343510,O,1900,1097, 0.76000000000000001, 0.88,left, 1.0, 1.0,inperson,0,0,PB1h,60, -39.0, -34.0,0,false,combined,13,6,37,44,0,,
259,169456,vp18,177,2017-10-17 19:59:13,1508270350436,O,1192,1097, 0.38, 0.35999999999999999,left, 1.0, 0.059999999999999998,inperson,0,0,PB1h,60, -40.0, -51.0,0,false,combined,31,2,19,1,0,,
260,169457,vp18,178,2017-10-17 19:59:20,1508270356660,X,1647,1097, 0.59999999999999998, 0.69999999999999996,left, 0.059999999999999998, 1.0,inperson,0,0,PB1h,60, -89.0, -74.0,-89,false,combined,1,15,2,35,0,,
261,169458,vp18,179,2017-10-17 19:59:27,1508270363337,X,1990,1097, 0.95999999999999996, 0.80000000000000004,left, 0.10000000000000001, 1.0,inperson,0,0,PB1h,60, -72.0, -89.0,-72,false,combined,0,10,5,40,0,,
262,169459,vp18,180,2017-10-17 19:59:39,1508270376378,O,1106,1025, 0.88, 0.16,right, 1.0, 1.0,inperson,0,0,PB1h,-72, -34.0, -94.0,0,false,combined,7,41,43,9,0,,
263,169460,vp18,181,2017-10-17 19:59:45,1508270382508,X,1505,1025, 0.95999999999999996, 0.52000000000000002,right, 1.0, 0.80000000000000004,inperson,0,0,PB1h,-72, -63.0, -60.0,-60,false,combined,3,19,47,21,0,,
264,169461,vp18,182,2017-10-17 19:59:53,1508270389044,X,2392,1025, 0.76000000000000001, 0.83999999999999997,right, 1.0, 0.80000000000000004,inperson,0,0,PB1h,-72, -67.0, -66.0,-66,false,combined,12,9,38,31,0,,
265,169462,vp18,183,2017-10-17 19:59:59,1508270396454,O,1119,1025, 0.26000000000000001, 0.20000000000000001,right, 1.0, 1.0,inperson,0,0,PB1h,-72, -62.0, -134.0,0,false,combined,36,40,14,10,0,,
266,169463,vp18,184,2017-10-17 20:00:06,1508270402601,O,1935,1025, 0.17999999999999999, 0.17999999999999999,right, 1.0, 1.0,inperson,0,0,PB1h,-72, -85.0, -78.0,0,false,combined,41,40,9,10,0,,
267,169464,vp18,185,2017-10-17 20:00:19,1508270415579,X,2183,959, 0.90000000000000002, 0.44,left, 0.02, 1.0,inperson,0,0,PB1h,-66, 20.0, 25.0,20,false,combined,1,26,0,24,0,,
268,169465,vp18,186,2017-10-17 20:00:26,1508270422786,X,1544,959, 0.34000000000000002, 0.26000000000000001,left, 1.0, 1.0,inperson,0,0,PB1h,-66, 44.0, 61.0,44,false,combined,33,36,17,14,0,,
269,169466,vp18,187,2017-10-17 20:00:32,1508270429353,X,1254,959, 0.73999999999999999, 0.90000000000000002,right, 1.0, 1.0,inperson,0,0,PB1h,-66, 4.0, 15.0,15,false,combined,12,5,38,45,0,,
270,169467,vp18,188,2017-10-17 20:00:38,1508270435640,X,1135,959, 0.44, 0.44,left, 1.0, 0.059999999999999998,inperson,0,0,PB1h,-66, 90.0, 60.0,90,false,combined,26,2,24,1,0,,
271,169468,vp18,189,2017-10-17 20:00:45,1508270441801,X,1848,959, 0.95999999999999996, 0.78000000000000003,left, 1.0, 1.0,inperson,0,0,PB1h,-66, 11.0, 2.0,11,false,combined,2,12,48,38,0,,
272,169469,vp18,190,2017-10-17 20:00:57,1508270454702,X,1386,979, 0.71999999999999997, 0.059999999999999998,left, 1.0, 1.0,inperson,0,0,PB1h,20, 12.0, 134.0,12,false,combined,14,46,36,4,0,,
273,169470,vp18,191,2017-10-17 20:01:04,1508270461113,O,1688,979, 0.22, 0.68000000000000005,right, 1.0, 0.20000000000000001,inperson,0,0,PB1h,20, 11.0, 8.0,0,false,combined,39,2,11,8,0,,
274,169471,vp18,192,2017-10-17 20:01:10,1508270467821,O,979,979, 0.62, 0.47999999999999998,left, 1.0, 0.02,inperson,0,0,PB1h,20, 13.0, 9.0,0,false,combined,20,0,30,1,0,,
275,169472,vp18,193,2017-10-17 20:01:16,1508270473827,O,1209,979, 0.64000000000000001, 0.16,left, 1.0, 0.40000000000000002,inperson,0,0,PB1h,20, 47.0, 99.0,0,false,combined,19,17,31,3,0,,
276,169473,vp18,194,2017-10-17 20:01:23,1508270480068,O,1899,979, 0.29999999999999999, 0.46000000000000002,right, 1.0, 0.10000000000000001,inperson,0,0,PB1h,20, 60.0, 50.0,0,false,combined,35,3,15,2,0,,
277,169474,vp18,195,2017-10-17 20:01:36,1508270493015,X,1638,979, 0.52000000000000002, 0.92000000000000004,right, 1.0, 0.40000000000000002,inperson,0,0,PB1h,0, -115.0, -5.0,-5,false,combined,23,3,27,17,0,,
278,169475,vp18,196,2017-10-17 20:01:42,1508270499676,X,1406,979, 0.47999999999999998, 0.62,left, 0.80000000000000004, 1.0,inperson,0,0,PB1h,0, -9.0, -13.0,-9,false,combined,20,19,20,31,0,,
279,169476,vp18,197,2017-10-17 20:01:49,1508270506104,X,1448,979, 0.22, 0.59999999999999998,right, 0.059999999999999998, 1.0,inperson,0,0,PB1h,0, -27.0, -15.0,-15,false,combined,1,20,2,30,0,,
280,169477,vp18,198,2017-10-17 20:01:55,1508270512577,X,1116,979, 0.62, 0.47999999999999998,right, 1.0, 0.02,inperson,0,0,PB1h,0, -13.0, -9.0,-9,false,combined,20,0,30,1,0,,
281,169478,vp18,199,2017-10-17 20:02:02,1508270518723,O,1386,979, 0.34000000000000002, 0.26000000000000001,left, 1.0, 1.0,inperson,0,0,PB1h,0, -44.0, -61.0,0,false,combined,33,36,17,14,0,,
283,169480,vp18,200,2017-10-17 20:02:31,1508270542565,X,7180,970, 0.76000000000000001, 0.68000000000000005,left, 1.0, 0.02,inperson,0,0,PB1h,-9, -88.0, -80.0,-88,false,combined,12,1,38,0,0,,
284,169481,vp18,201,2017-10-17 20:02:38,1508270554774,O,1804,970, 0.32000000000000001, 0.44,left, 1.0, 1.0,inperson,0,0,PB1h,-9, -39.0, -42.0,0,false,combined,34,27,16,23,0,,
285,169482,vp18,202,2017-10-17 20:02:45,1508270561606,O,1656,970, 0.59999999999999998, 0.34000000000000002,right, 0.40000000000000002, 1.0,inperson,0,0,PB1h,-9, -54.0, -74.0,0,false,combined,5,31,15,19,0,,
286,169483,vp18,203,2017-10-17 20:02:51,1508270568283,X,1848,970, 0.52000000000000002, 0.64000000000000001,right, 1.0, 0.20000000000000001,inperson,0,0,PB1h,-9, -115.0, -94.0,-94,false,combined,24,3,26,7,0,,
287,169484,vp18,204,2017-10-17 20:02:58,1508270575162,X,1373,970, 0.32000000000000001, 0.90000000000000002,left, 1.0, 0.80000000000000004,inperson,0,0,PB1h,-9, -85.0, -70.0,-85,false,combined,33,6,17,34,0,,
288,169485,vp18,205,2017-10-17 20:03:11,1508270587580,O,1842,882, 0.47999999999999998, 0.62,right, 0.80000000000000004, 1.0,inperson,0,0,PB1h,-88, 9.0, 13.0,0,false,combined,20,19,20,31,0,,
289,169486,vp18,206,2017-10-17 20:03:17,1508270594443,O,1595,882, 0.88, 0.16,left, 0.20000000000000001, 1.0,inperson,0,0,PB1h,-88, 45.0, 94.0,0,false,combined,3,41,7,9,0,,
290,169487,vp18,207,2017-10-17 20:03:24,1508270601057,X,1278,882, 0.73999999999999999, 0.38,left, 1.0, 1.0,inperson,0,0,PB1h,-88, 28.0, 40.0,28,false,combined,13,31,37,19,0,,
291,169488,vp18,208,2017-10-17 20:03:30,1508270607359,X,1311,882, 0.28000000000000003, 0.68000000000000005,right, 1.0, 1.0,inperson,0,0,PB1h,-88, 62.0, 22.0,22,false,combined,37,15,13,35,0,,
292,169489,vp18,209,2017-10-17 20:03:37,1508270613693,X,2229,882, 0.20000000000000001, 0.38,right, 1.0, 1.0,inperson,0,0,PB1h,-88, 118.0, 32.0,32,false,combined,39,31,11,19,0,,
293,169490,vp18,210,2017-10-17 20:03:50,1508270626967,X,2142,904, 0.71999999999999997, 0.83999999999999997,left, 1.0, 0.059999999999999998,inperson,0,0,PB1h,22, -42.0, -71.0,-42,false,combined,14,0,36,3,0,,
294,169491,vp18,211,2017-10-17 20:03:57,1508270634127,X,1860,904, 0.22, 0.81999999999999995,left, 0.10000000000000001, 1.0,inperson,0,0,PB1h,22, -80.0, -23.0,-80,false,combined,4,4,1,46,0,,
295,169492,vp18,212,2017-10-17 20:04:04,1508270641007,O,1883,904, 0.44, 0.59999999999999998,left, 1.0, 0.80000000000000004,inperson,0,0,PB1h,22, -68.0, -45.0,0,false,combined,27,20,23,30,0,,
296,169493,vp18,213,2017-10-17 20:04:10,1508270647917,X,998,904, 0.44, 0.71999999999999997,left, 1.0, 1.0,inperson,0,0,PB1h,22, -11.0, -42.0,-11,false,combined,27,13,23,37,0,,
297,169494,vp18,214,2017-10-17 20:04:18,1508270653939,X,3035,904, 0.76000000000000001, 0.80000000000000004,left, 1.0, 1.0,inperson,0,0,PB1h,22, -96.0, -86.0,-96,false,combined,12,10,38,40,0,,
298,169495,vp18,215,2017-10-17 20:04:31,1508270668058,O,1442,824, 0.32000000000000001, 0.35999999999999999,left, 1.0, 1.0,inperson,0,0,PB1h,-80, -29.0, -48.0,0,false,combined,33,32,17,18,0,,
299,169496,vp18,216,2017-10-17 20:04:39,1508270674532,X,2637,824, 0.80000000000000004, 0.68000000000000005,left, 1.0, 1.0,inperson,0,0,PB1h,-80, -19.0, -48.0,-19,false,combined,10,16,40,34,0,,
300,169497,vp18,217,2017-10-17 20:04:45,1508270682191,O,1635,824, 0.29999999999999999, 0.5,left, 0.80000000000000004, 1.0,inperson,0,0,PB1h,-80, -39.0, -42.0,0,false,combined,25,25,15,25,0,,
301,169498,vp18,218,2017-10-17 20:04:52,1508270688852,X,1278,824, 0.23999999999999999, 0.93999999999999995,left, 1.0, 1.0,inperson,0,0,PB1h,-80, -116.0, -42.0,-116,false,combined,37,4,13,46,0,,
302,169499,vp18,219,2017-10-17 20:04:58,1508270695154,O,1908,824, 0.44, 0.52000000000000002,right, 1.0, 1.0,inperson,0,0,PB1h,-80, -136.0, -29.0,0,false,combined,28,24,22,26,0,,
303,169500,vp18,220,2017-10-17 20:05:11,1508270708102,X,1357,805, 0.85999999999999999, 0.41999999999999998,left, 1.0, 0.20000000000000001,inperson,0,0,PB1h,-19, 20.0, 44.0,20,false,combined,7,1,43,9,0,,
304,169501,vp18,221,2017-10-17 20:05:17,1508270714482,X,1154,805, 0.71999999999999997, 0.83999999999999997,left, 1.0, 0.059999999999999998,inperson,0,0,PB1h,-19, 42.0, 71.0,42,false,combined,14,0,36,3,0,,
305,169502,vp18,222,2017-10-17 20:05:24,1508270720659,O,1929,805, 0.57999999999999996, 0.57999999999999996,left, 1.0, 1.0,inperson,0,0,PB1h,-19, 15.0, 17.0,0,false,combined,21,21,29,29,0,,
306,169503,vp18,223,2017-10-17 20:05:31,1508270727617,X,1905,805, 0.22, 0.41999999999999998,right, 1.0, 1.0,inperson,0,0,PB1h,-19, 130.0, 68.0,68,false,combined,38,28,12,22,0,,
307,169504,vp18,224,2017-10-17 20:05:37,1508270734543,X,1090,805, 0.75, 0.80000000000000004,right, 0.80000000000000004, 1.0,inperson,0,0,PB1h,-19, 70.0, 80.0,80,false,combined,15,10,25,40,0,,
308,169505,vp18,225,2017-10-17 20:05:50,1508270746679,O,2237,825, 0.64000000000000001, 0.40000000000000002,right, 1.0, 1.0,inperson,0,0,PB1h,20, -93.0, -127.0,0,false,combined,19,30,31,20,0,,
309,169506,vp18,226,2017-10-17 20:05:57,1508270753948,O,1636,825, 0.35999999999999999, 0.92000000000000004,left, 0.059999999999999998, 1.0,inperson,0,0,PB1h,20, -98.0, -90.0,0,false,combined,1,4,2,46,0,,
310,169507,vp18,227,2017-10-17 20:06:03,1508270760609,O,1316,825, 0.28000000000000003, 0.62,left, 1.0, 1.0,inperson,0,0,PB1h,20, -106.0, -44.0,0,false,combined,36,18,14,32,0,,
311,169508,vp18,228,2017-10-17 20:06:10,1508270766958,X,1393,825, 0.75, 0.80000000000000004,left, 0.80000000000000004, 1.0,inperson,0,0,PB1h,20, -70.0, -80.0,-70,false,combined,15,10,25,40,0,,
312,169509,vp18,229,2017-10-17 20:06:16,1508270773369,O,1603,825, 0.59999999999999998, 0.34000000000000002,right, 0.20000000000000001, 1.0,inperson,0,0,PB1h,20, -54.0, -74.0,0,false,combined,5,31,5,19,0,,
313,169510,vp18,230,2017-10-17 20:06:29,1508270786020,O,1362,825, 0.22, 0.41999999999999998,left, 1.0, 1.0,inperson,0,0,PB1h,0, -130.0, -68.0,0,false,combined,38,28,12,22,0,,
314,169511,vp18,231,2017-10-17 20:06:35,1508270792401,X,1519,825, 0.88, 0.47999999999999998,right, 1.0, 1.0,inperson,0,0,PB1h,0, -54.0, -132.0,-132,false,combined,6,26,44,24,0,,
315,169512,vp18,232,2017-10-17 20:06:42,1508270798952,O,1600,825, 0.35999999999999999, 0.56000000000000005,left, 0.10000000000000001, 1.0,inperson,0,0,PB1h,0, -74.0, -98.0,0,false,combined,3,22,2,28,0,,
316,169513,vp18,233,2017-10-17 20:06:49,1508270805582,O,2547,825, 0.66000000000000003, 0.69999999999999996,left, 1.0, 1.0,inperson,0,0,PB1h,0, -22.0, -23.0,0,false,combined,17,15,33,35,0,,
317,169514,vp18,234,2017-10-17 20:06:56,1508270813148,O,1378,825, 0.66000000000000003, 0.35999999999999999,right, 1.0, 0.80000000000000004,inperson,0,0,PB1h,0, -21.0, -68.0,0,false,combined,18,25,32,15,0,,
318,169515,vp18,235,2017-10-17 20:07:10,1508270825581,X,2602,825, 0.62, 0.73999999999999999,left, 1.0, 0.40000000000000002,inperson,0,0,PB1h,0, -48.0, -51.0,-48,false,combined,20,5,30,15,0,,
319,169516,vp18,236,2017-10-17 20:07:17,1508270833209,O,2432,825, 0.80000000000000004, 0.71999999999999997,right, 1.0, 1.0,inperson,0,0,PB1h,0, -38.0, -42.0,0,false,combined,10,14,40,36,0,,
320,169517,vp18,237,2017-10-17 20:07:24,1508270840665,O,1925,825, 0.44, 0.90000000000000002,left, 1.0, 0.059999999999999998,inperson,0,0,PB1h,0, -25.0, -16.0,0,false,combined,26,1,24,2,0,,
321,169518,vp18,238,2017-10-17 20:07:31,1508270847623,O,1594,825, 0.56000000000000005, 0.47999999999999998,left, 0.10000000000000001, 1.0,inperson,0,0,PB1h,0, -30.0, -63.0,0,false,combined,3,26,2,24,0,,
322,169519,vp18,239,2017-10-17 20:07:37,1508270854236,O,1228,825, 0.28000000000000003, 0.66000000000000003,left, 1.0, 0.059999999999999998,inperson,0,0,PB1h,0, -88.0, -38.0,0,false,combined,36,1,14,2,0,,
323,169520,vp18,240,2017-10-17 20:07:50,1508270866513,O,1706,825, 0.66000000000000003, 0.35999999999999999,left, 1.0, 0.20000000000000001,inperson,0,0,PB1h,0, 21.0, 60.0,0,false,combined,18,6,32,4,0,,
324,169521,vp18,241,2017-10-17 20:07:57,1508270873253,X,2147,825, 0.28000000000000003, 0.40000000000000002,right, 1.0, 1.0,inperson,0,0,PB1h,0, 11.0, 16.0,16,false,combined,37,29,13,21,0,,
325,169522,vp18,242,2017-10-17 20:08:03,1508270880427,X,1361,825, 0.83999999999999997, 0.76000000000000001,left, 1.0, 1.0,inperson,0,0,PB1h,0, 7.0, 5.0,7,false,combined,9,11,41,39,0,,
326,169523,vp18,243,2017-10-17 20:08:10,1508270886808,O,1389,825, 0.44, 0.64000000000000001,left, 1.0, 0.059999999999999998,inperson,0,0,PB1h,0, 11.0, 8.0,0,false,combined,27,1,23,2,0,,
327,169524,vp18,244,2017-10-17 20:08:16,1508270893219,X,1543,825, 0.71999999999999997, 0.5,left, 0.10000000000000001, 1.0,inperson,0,0,PB1h,0, 40.0, 50.0,40,false,combined,1,25,4,25,0,,
328,169525,vp18,245,2017-10-17 20:08:29,1508270905807,O,1614,841, 0.81999999999999995, 0.32000000000000001,right, 1.0, 1.0,inperson,0,0,PB1h,16, -37.0, -115.0,0,false,combined,10,33,40,17,0,,
329,169526,vp18,246,2017-10-17 20:08:37,1508270912453,O,2999,841, 0.88, 0.29999999999999999,right, 1.0, 0.20000000000000001,inperson,0,0,PB1h,16, -26.0, -73.0,0,false,combined,6,5,44,5,0,,
330,169527,vp18,247,2017-10-17 20:08:45,1508270920471,O,3275,841, 0.71999999999999997, 0.80000000000000004,left, 1.0, 1.0,inperson,0,0,PB1h,16, -47.0, -24.0,0,false,combined,13,11,37,39,0,,
331,169528,vp18,248,2017-10-17 20:08:52,1508270928770,X,1874,841, 0.66000000000000003, 0.93999999999999995,left, 1.0, 1.0,inperson,0,0,PB1h,16, -15.0, -5.0,-15,false,combined,18,2,32,48,0,,
332,169529,vp18,249,2017-10-17 20:09:00,1508270935665,X,2512,841, 0.85999999999999999, 0.92000000000000004,left, 1.0, 1.0,inperson,0,0,PB1h,16, -29.0, -25.0,-29,false,combined,6,4,44,46,0,,
333,169530,vp18,250,2017-10-17 20:09:23,1508270959071,O,2358,841, 0.64000000000000001, 0.68000000000000005,left, 1.0, 1.0,inperson,0,0,PB1h,0, 97.0, 86.0,0,false,combined,18,16,32,34,0,,
334,169531,vp18,251,2017-10-17 20:09:29,1508270966458,X,1096,841, 0.22, 0.81999999999999995,right, 0.10000000000000001, 1.0,inperson,0,0,PB1h,0, 80.0, 23.0,23,false,combined,4,4,1,46,0,,
335,169532,vp18,252,2017-10-17 20:09:35,1508270972573,O,1293,841, 0.68000000000000005, 0.59999999999999998,right, 0.059999999999999998, 1.0,inperson,0,0,PB1h,0, 74.0, 88.0,0,false,combined,1,20,2,30,0,,
336,169533,vp18,253,2017-10-17 20:09:41,1508270978890,O,802,841, 0.76000000000000001, 0.68000000000000005,left, 1.0, 0.20000000000000001,inperson,0,0,PB1h,0, 84.0, 95.0,0,false,combined,12,5,38,5,0,,
337,169534,vp18,254,2017-10-17 20:09:48,1508270984725,X,1704,841, 0.56000000000000005, 0.68000000000000005,left, 1.0, 1.0,inperson,0,0,PB1h,0, 9.0, 22.0,9,false,combined,22,16,28,34,0,,
338,169535,vp18,255,2017-10-17 20:10:01,1508270997470,O,2578,864, 0.17999999999999999, 0.17999999999999999,left, 1.0, 1.0,inperson,0,0,PB1h,23, 85.0, 78.0,0,false,combined,41,40,9,10,0,,
339,169536,vp18,256,2017-10-17 20:10:07,1508271005067,X,948,864, 0.59999999999999998, 0.69999999999999996,right, 0.059999999999999998, 1.0,inperson,0,0,PB1h,23, 89.0, 74.0,74,false,combined,1,15,2,35,0,,
340,169537,vp18,257,2017-10-17 20:10:14,1508271011041,X,1169,864, 0.88, 0.47999999999999998,left, 1.0, 1.0,inperson,0,0,PB1h,23, 54.0, 132.0,54,false,combined,6,26,44,24,0,,
341,169538,vp18,258,2017-10-17 20:10:20,1508271017237,X,1077,864, 0.47999999999999998, 0.80000000000000004,right, 0.10000000000000001, 1.0,inperson,0,0,PB1h,23, 63.0, 8.0,8,false,combined,3,10,2,40,0,,
342,169539,vp18,259,2017-10-17 20:10:26,1508271023350,X,1207,864, 0.80000000000000004, 0.52000000000000002,left, 1.0, 1.0,inperson,0,0,PB1h,23, 11.0, 31.0,11,false,combined,11,24,39,26,0,,
343,169540,vp18,260,2017-10-17 20:10:39,1508271035612,X,1657,872, 0.76000000000000001, 0.80000000000000004,left, 1.0, 1.0,inperson,0,0,PB1h,8, -39.0, -75.0,-39,false,combined,12,9,38,41,0,,
344,169541,vp18,261,2017-10-17 20:10:45,1508271042303,X,1066,872, 0.26000000000000001, 0.47999999999999998,left, 1.0, 1.0,inperson,0,0,PB1h,8, -8.0, -9.0,-8,false,combined,37,25,13,25,0,,
345,169542,vp18,262,2017-10-17 20:10:51,1508271048403,O,1204,872, 0.83999999999999997, 0.32000000000000001,right, 1.0, 1.0,inperson,0,0,PB1h,8, -18.0, -47.0,0,false,combined,8,33,42,17,0,,
346,169543,vp18,263,2017-10-17 20:10:59,1508271054627,X,2689,872, 0.76000000000000001, 0.56000000000000005,left, 1.0, 1.0,inperson,0,0,PB1h,8, -30.0, -48.0,-30,false,combined,12,22,38,28,0,,
347,169544,vp18,264,2017-10-17 20:11:05,1508271062349,O,871,872, 0.040000000000000001, 0.92000000000000004,left, 1.0, 1.0,inperson,0,0,PB1h,8, -125.0, -5.0,0,false,combined,48,4,2,46,0,,
348,169545,vp18,265,2017-10-17 20:11:17,1508271074269,O,1576,833, 0.41999999999999998, 0.26000000000000001,left, 1.0, 0.40000000000000002,inperson,0,0,PB1h,-39, 33.0, 60.0,0,false,combined,28,17,22,3,0,,
349,169546,vp18,266,2017-10-17 20:11:24,1508271080881,X,1325,833, 0.88, 0.16,left, 0.02, 1.0,inperson,0,0,PB1h,-39, 60.0, 94.0,60,false,combined,0,42,1,8,0,,
350,169547,vp18,267,2017-10-17 20:11:30,1508271087230,X,1109,833, 0.95999999999999996, 0.80000000000000004,left, 0.10000000000000001, 1.0,inperson,0,0,PB1h,-39, 72.0, 89.0,72,false,combined,0,10,5,40,0,,
351,169548,vp18,268,2017-10-17 20:11:37,1508271093360,X,2052,833, 0.47999999999999998, 0.23999999999999999,left, 1.0, 1.0,inperson,0,0,PB1h,-39, 11.0, 14.0,11,false,combined,26,37,24,13,0,,
352,169549,vp18,269,2017-10-17 20:11:43,1508271100443,X,1127,833, 0.040000000000000001, 0.92000000000000004,right, 1.0, 1.0,inperson,0,0,PB1h,-39, 125.0, 5.0,5,false,combined,48,4,2,46,0,,
353,169550,vp18,270,2017-10-17 20:11:56,1508271112625,X,1682,844, 0.80000000000000004, 0.71999999999999997,left, 1.0, 1.0,inperson,0,0,PB1h,11, 38.0, 42.0,38,false,combined,10,14,40,36,0,,
354,169551,vp18,271,2017-10-17 20:12:02,1508271119333,X,1639,844, 0.80000000000000004, 0.68000000000000005,left, 1.0, 1.0,inperson,0,0,PB1h,11, 80.0, 89.0,80,false,combined,10,16,40,34,0,,
355,169552,vp18,272,2017-10-17 20:12:12,1508271125994,X,1151,844, 0.56000000000000005, 0.88,right, 1.0, 1.0,inperson,0,0,PB1h,11, 114.0, 78.0,78,false,combined,22,6,28,44,0,,
356,169553,vp18,273,2017-10-17 20:12:15,1508271132171,X,1476,844, 0.080000000000000002, 0.52000000000000002,right, 1.0, 0.10000000000000001,inperson,0,0,PB1h,11, 63.0, 58.0,58,false,combined,45,2,5,3,0,,
357,169554,vp18,274,2017-10-17 20:12:22,1508271138677,X,1719,844, 0.95999999999999996, 0.59999999999999998,right, 1.0, 1.0,inperson,0,0,PB1h,11, 5.0, 25.0,25,false,combined,3,20,47,30,0,,
358,169555,vp18,275,2017-10-17 20:12:35,1508271151436,X,1825,924, 0.80000000000000004, 0.68000000000000005,right, 1.0, 1.0,inperson,0,0,PB1h,80, -80.0, -89.0,-89,false,combined,10,16,40,34,0,,
359,169556,vp18,276,2017-10-17 20:12:42,1508271158284,O,2002,924, 0.62, 0.47999999999999998,right, 1.0, 0.80000000000000004,inperson,0,0,PB1h,80, -13.0, -9.0,0,false,combined,18,22,32,18,0,,
360,169557,vp18,277,2017-10-17 20:12:48,1508271165321,O,1304,924, 0.44, 0.47999999999999998,right, 1.0, 1.0,inperson,0,0,PB1h,80, -144.0, -114.0,0,false,combined,28,26,22,24,0,,
361,169558,vp18,278,2017-10-17 20:12:55,1508271171652,O,1476,924, 0.44, 0.44,right, 1.0, 0.059999999999999998,inperson,0,0,PB1h,80, -90.0, -60.0,0,false,combined,26,2,24,1,0,,
362,169559,vp18,279,2017-10-17 20:13:01,1508271178159,X,1915,924, 0.73999999999999999, 0.90000000000000002,left, 1.0, 1.0,inperson,0,0,PB1h,80, -4.0, -15.0,-4,false,combined,12,5,38,45,0,,
363,169560,vp18,280,2017-10-17 20:13:14,1508271191124,O,1626,920, 0.52000000000000002, 0.28000000000000003,right, 1.0, 1.0,inperson,0,0,PB1h,-4, -25.0, -55.0,0,false,combined,24,36,26,14,0,,
364,169561,vp18,281,2017-10-17 20:13:21,1508271197783,O,1758,920, 0.66000000000000003, 0.35999999999999999,right, 1.0, 0.20000000000000001,inperson,0,0,PB1h,-4, -21.0, -60.0,0,false,combined,18,6,32,4,0,,
365,169562,vp18,282,2017-10-17 20:13:28,1508271204569,X,1682,920, 0.95999999999999996, 0.78000000000000003,right, 1.0, 1.0,inperson,0,0,PB1h,-4, -11.0, -2.0,-2,false,combined,2,12,48,38,0,,
366,169563,vp18,283,2017-10-17 20:13:34,1508271211279,O,1654,920, 0.68000000000000005, 0.83999999999999997,left, 0.40000000000000002, 1.0,inperson,0,0,PB1h,-4, -101.0, -82.0,0,false,combined,5,8,15,42,0,,
367,169564,vp18,284,2017-10-17 20:13:41,1508271217952,O,1146,920, 0.16, 0.40000000000000002,left, 1.0, 1.0,inperson,0,0,PB1h,-4, -31.0, -75.0,0,false,combined,42,30,8,20,0,,
368,169565,vp18,285,2017-10-17 20:13:54,1508271230151,O,2653,920, 0.59999999999999998, 0.40000000000000002,left, 0.10000000000000001, 1.0,inperson,0,0,PB1h,0, 35.0, 47.0,0,false,combined,2,30,3,20,0,,
369,169566,vp18,286,2017-10-17 20:14:01,1508271237826,X,1478,920, 0.95999999999999996, 0.68000000000000005,left, 0.40000000000000002, 1.0,inperson,0,0,PB1h,0, 9.0, 18.0,9,false,combined,0,17,20,33,0,,
370,169567,vp18,287,2017-10-17 20:14:07,1508271244331,X,920,920, 0.95999999999999996, 0.52000000000000002,left, 1.0, 0.80000000000000004,inperson,0,0,PB1h,0, 63.0, 60.0,63,false,combined,3,19,47,21,0,,
371,169568,vp18,288,2017-10-17 20:14:13,1508271250274,X,1253,920, 0.93999999999999995, 0.64000000000000001,left, 1.0, 1.0,inperson,0,0,PB1h,0, 39.0, 52.0,39,false,combined,3,18,47,32,0,,
372,169569,vp18,289,2017-10-17 20:14:19,1508271256545,X,1263,920, 0.88, 0.12,left, 1.0, 0.02,inperson,0,0,PB1h,0, 17.0, 100.0,17,false,combined,6,0,44,1,0,,
373,169570,vp18,290,2017-10-17 20:14:32,1508271268854,O,1480,937, 0.59999999999999998, 0.34000000000000002,left, 0.40000000000000002, 1.0,inperson,0,0,PB1h,17, 54.0, 74.0,0,false,combined,5,31,15,19,0,,
374,169571,vp18,291,2017-10-17 20:14:38,1508271275358,X,1460,937, 0.64000000000000001, 0.40000000000000002,left, 1.0, 1.0,inperson,0,0,PB1h,17, 93.0, 127.0,93,false,combined,19,30,31,20,0,,
375,169572,vp18,292,2017-10-17 20:14:44,1508271281847,X,1208,937, 0.35999999999999999, 0.66000000000000003,right, 0.02, 1.0,inperson,0,0,PB1h,17, 45.0, 21.0,21,false,combined,1,16,0,34,0,,
376,169573,vp18,293,2017-10-17 20:14:51,1508271288088,O,1161,937, 0.47999999999999998, 0.62,right, 0.20000000000000001, 1.0,inperson,0,0,PB1h,17, 9.0, 13.0,0,false,combined,5,20,5,30,0,,
377,169574,vp18,294,2017-10-17 20:14:57,1508271294280,O,1488,937, 0.040000000000000001, 0.47999999999999998,right, 1.0, 1.0,inperson,0,0,PB1h,17, 125.0, 63.0,0,false,combined,48,25,2,25,0,,
378,169575,vp18,295,2017-10-17 20:15:10,1508271306822,X,1663,958, 0.69999999999999996, 0.56000000000000005,right, 1.0, 1.0,inperson,0,0,PB1h,21, -5.0, -12.0,-12,false,combined,14,22,36,28,0,,
379,169576,vp18,296,2017-10-17 20:15:17,1508271313514,X,2130,958, 0.57999999999999996, 0.57999999999999996,left, 1.0, 1.0,inperson,0,0,PB1h,21, -15.0, -17.0,-15,false,combined,21,21,29,29,0,,
380,169577,vp18,297,2017-10-17 20:15:23,1508271320674,O,1212,958, 0.95999999999999996, 0.59999999999999998,right, 1.0, 1.0,inperson,0,0,PB1h,21, -16.0, -8.0,0,false,combined,2,20,48,30,0,,
381,169578,vp18,298,2017-10-17 20:15:30,1508271326914,O,1889,958, 0.83999999999999997, 0.76000000000000001,right, 1.0, 1.0,inperson,0,0,PB1h,21, -7.0, -5.0,0,false,combined,9,11,41,39,0,,
382,169579,vp18,299,2017-10-17 20:15:37,1508271333825,O,1438,958, 0.23999999999999999, 0.71999999999999997,left, 0.20000000000000001, 1.0,inperson,0,0,PB1h,21, -40.0, -7.0,0,false,combined,8,13,2,37,0,,
